"Osoba - ID","Osoba - Imię i nazwisko / Nazwa","Osoba - Etykieta","Osoba - Telefon - Praca","Osoba - Telefon - Dom","Osoba - Telefon - Komórkowy","Osoba - Telefon - Inny","Osoba - E-mail - Praca","Osoba - E-mail - Dom","Osoba - E-mail - Inny","Osoba - Data utworzenia osoby kontaktowej","Osoba - Czas aktualizacji","Osoba - Organizacja","Osoba - ID organizacji","Osoba - Właściciel","Osoba - Otwarte szanse sprzedaży","Osoba - Widoczne dla","Osoba - Data następnego działania","Osoba - Data ostatniego działania","Osoba - Wygrane szanse sprzedaży","Osoba - Utracone szanse sprzedaży","Osoba - Zamknięte szanse sprzedaży","Osoba - Ogółem działań","Osoba - Działania wykonane","Osoba - Działania do zrobienia","Osoba - Licznik wiadomości e-mail","Osoba - Zdjęcie profilowe","Osoba - Ostatnia otrzymana wiadomość e-mail","Osoba - Ostatnia wysłana wiadomość e-mail","Osoba - Imię","Osoba - Nazwisko","Osoba - Etykiety"
"1","[Przykład] Kanushi Barnes","","","","","","kanushi.barnes@gmial.com","","","2025-03-11 08:28:33","2025-03-11 08:28:39","","","Onesta","0","Wszyscy użytkownicy","2025-03-12","2025-02-28","0","0","0","3","2","1","0","","","","[Przykład] Kanushi","Barnes",""
"2","[Przykład] Anita Frazier","","","","","313-428-3135","anita.frazier@dealate.com","","","2025-03-11 08:28:33","2025-03-11 08:48:46","","","Onesta","0","Wszyscy użytkownicy","2025-03-06","2025-03-06","0","0","0","4","3","1","0","","","","[Przykład] Anita","Frazier",""
"3","[Przykład] Hashim Hardy","","","","","570-809-7197","hashim.hardy@lvie.com","","","2025-03-11 08:28:33","2025-03-11 08:48:37","[Przykład] Dealate","1","Onesta","0","Wszyscy użytkownicy","2025-03-11","2025-03-01","0","0","0","7","5","2","0","","","","[Przykład] Hashim","Hardy",""
"4","[Przykład] Benjamin Leon","","","","","785-202-7824","benjamin.leon@gmial.com","","","2025-03-11 08:28:33","2025-03-11 08:48:30","","","Onesta","0","Wszyscy użytkownicy","2025-03-10","2025-03-07","0","0","0","6","4","2","0","","","","[Przykład] Benjamin","Leon",""
"5","[Przykład] Phyllis Yang","","","","","240-707-3884","phyllis.yang@gmial.com","","","2025-03-11 08:28:33","2025-03-11 08:48:42","","","Onesta","0","Wszyscy użytkownicy","2025-03-14","2025-03-03","0","0","0","3","2","1","0","","","","[Przykład] Phyllis","Yang",""
"6","[Przykład] Gloria Quinn","","","","","862-252-9773","gloria.quinn@emailz.com","","","2025-03-11 08:28:33","2025-03-11 08:28:45","","","Onesta","0","Wszyscy użytkownicy","2025-03-08","2025-02-22","0","1","1","3","2","1","0","","","","[Przykład] Gloria","Quinn",""
"7","[Przykład] Darcie Dixon","","","","","313-353-7151","darcie.dixon@ownerate.com","","","2025-03-11 08:28:33","2025-03-11 08:28:43","","","Onesta","0","Wszyscy użytkownicy","2025-03-08","2025-02-28","0","0","0","3","2","1","0","","","","[Przykład] Darcie","Dixon",""
"8","[Przykład] Githa Watson","","","","","260-414-1246","githa.watson@ooutlook.com","","","2025-03-11 08:28:33","2025-03-11 08:48:33","","","Onesta","0","Wszyscy użytkownicy","2025-03-07","2025-03-08","0","0","0","7","5","2","0","","","","[Przykład] Githa","Watson",""
"9","[Przykład] Aruna Hill","","","","","478-575-6488","aruna.hill@mssn.com","","","2025-03-11 08:28:33","2025-03-11 08:48:28","","","Onesta","0","Wszyscy użytkownicy","","2025-03-01","0","0","0","2","2","0","0","","","","[Przykład] Aruna","Hill",""
"10","[Przykład] Constanzo Santoro","","","","","402-657-2471","constanzo.santoro@lvie.com","","","2025-03-11 08:28:33","2025-03-11 08:48:23","","","Onesta","0","Wszyscy użytkownicy","2025-03-10","2025-03-01","0","0","0","4","3","1","0","","","","[Przykład] Constanzo","Santoro",""
"11","[Przykład] Haroon Bloggs","","","","","614-266-8435","haroon.bloggs@gmial.com","","","2025-03-11 08:28:33","2025-03-11 08:28:34","","","Onesta","0","Wszyscy użytkownicy","","","0","0","0","0","0","0","0","","","","[Przykład] Haroon","Bloggs",""
"12","[Przykład] Hugo Hall","","","","","509-607-6300","hugo.hall@gmial.com","","","2025-03-11 08:28:33","2025-03-11 08:28:34","","","Onesta","0","Wszyscy użytkownicy","","","0","0","0","0","0","0","0","","","","[Przykład] Hugo","Hall",""
"13","[Przykład] Peru Zitan","","","","","110-123-1246","peru.zitan@loreannn.ee","","","2025-03-11 08:28:33","2025-03-11 08:48:07","[Przykład] Lorean","2","Onesta","0","Wszyscy użytkownicy","2025-03-09","2025-03-10","0","0","0","4","3","1","0","","","","[Przykład] Peru","Zitan",""
"14","[Przykład] Guido Moreno","","","","","","guido.moreno@yahooo.com","","","2025-03-11 08:28:33","2025-03-11 08:28:45","[Przykład] Estate Storm","3","Onesta","0","Wszyscy użytkownicy","","2025-03-01","0","1","1","2","2","0","0","","","","[Przykład] Guido","Moreno",""
"15","[Przykład] Zach Sharma","","","","","509-379-7634","zach.sharma@gmial.com","","","2025-03-11 08:28:33","2025-03-11 08:28:45","[Przykład] Estate Storm","3","Onesta","0","Wszyscy użytkownicy","","2025-02-27","1","0","1","2","2","0","0","","","","[Przykład] Zach","Sharma",""
"16","[Przykład] Nyssa Young","","","","","425-324-9202","nyssa.young@principalspace.com","","","2025-03-11 08:28:34","2025-03-11 08:28:34","","","Onesta","0","Wszyscy użytkownicy","","","0","0","0","0","0","0","0","","","","[Przykład] Nyssa","Young",""
"17","[Przykład] Blair Davis","","","","","732-664-7387","blair.davis@gmial.com","","","2025-03-11 08:28:34","2025-03-11 08:28:34","","","Onesta","0","Wszyscy użytkownicy","","","0","0","0","0","0","0","0","","","","[Przykład] Blair","Davis",""
"18","Piotr Sadek","","'+48518660202","","","","biuro@greenwaybus.pl","","","2025-03-11 08:50:42","2025-05-19 12:35:58","","","Onesta","0","Wszyscy użytkownicy","","2025-03-12","0","2","2","2","2","0","0","","","","Piotr","Sadek",""
"19","Anna Tarczyńska","","'+48570656505","","","","at@tequesta.pl","","","2025-03-11 08:53:15","2025-03-11 14:58:26","","","Onesta","0","Wszyscy użytkownicy","2025-03-11","","0","0","0","1","0","1","0","","","","Anna","Tarczyńska",""
"20","Krzysztof Przybylski","","","","'+48733772733","","","","","2025-03-11 08:57:44","2025-05-19 12:10:14","","","Onesta","0","Wszyscy użytkownicy","2025-04-02","2025-04-02","0","1","1","4","3","1","0","","","","Krzysztof","Przybylski",""
"21","Tomasz Kazubek","","","","","","","","tomekkazubek73@gmail.com","2025-03-11 09:01:50","2025-08-11 07:50:14","","","Onesta","0","Wszyscy użytkownicy","2025-06-05","","0","1","1","1","0","1","0","","","","Tomasz","Kazubek",""
"22","Kaśka Raczyńska","","","","'+48663051445","","","","katarzyna-porada@wp.pl","2025-03-11 12:41:07","2025-05-19 12:14:36","","","Onesta","0","Wszyscy użytkownicy","2025-04-02","2025-03-12","0","1","1","2","1","1","0","","","","Kaśka","Raczyńska",""
"23","Przemysław Madejczyk","","","","","'+48796988765","","","P.madejczyk@op.pl","2025-03-11 18:28:50","2025-06-10 16:07:36","","","Onesta","0","Wszyscy użytkownicy","2025-03-12","2025-04-02","0","1","1","4","3","1","0","","","","Przemysław","Madejczyk",""
"24","Tomasz Malcher","","","","","'+48502050754","","","tomaszmalcher74@gmail.com","2025-03-11 18:33:51","2026-04-18 13:56:49","","","Onesta","1","Wszyscy użytkownicy","2026-09-01","2025-09-18","0","0","0","4","3","1","0","","","","Tomasz","Malcher",""
"25","Miłosz Poczęsny","","","","'+48607523945","","","","miloszpoczesny@gmail.com","2025-03-11 18:37:40","2026-04-29 11:57:22","","","Onesta","1","Wszyscy użytkownicy","2026-05-01","2026-04-29","0","0","0","12","11","1","0","1","","","Miłosz","Poczęsny",""
"26","Ewa Zaremba","","","","'+48501372952","","","","ewathomas@poczta.onet.pl","2025-03-11 18:39:12","2025-05-19 12:35:24","","","Onesta","0","Wszyscy użytkownicy","","2025-03-14","1","0","1","4","4","0","0","","","","Ewa","Zaremba",""
"27","Katarzyna Gmiterek","","","","'+48503319733","","gmiterek.katarzyna@wp.pl","","","2025-03-11 18:48:53","2025-08-11 06:53:23","","","Onesta","0","Wszyscy użytkownicy","2025-03-14","2025-06-09","1","0","1","10","8","2","0","","","","Katarzyna","Gmiterek",""
"28","Grzegorz Zasadzinski","","","","'+48 503 930 292","","","","grzegorz.zasadzinski@gmail.com","2025-03-11 18:55:05","2025-09-29 09:39:05","","","Onesta","0","Wszyscy użytkownicy","","2025-09-29","0","1","1","14","14","0","0","2","","","Grzegorz","Zasadzinski",""
"29","Grzegorz Dziubka","","","","'+48737338009","","","","gdziubka@gmail.com","2025-03-11 18:56:32","2026-04-29 12:01:57","","","Onesta","1","Wszyscy użytkownicy","2026-05-01","2026-04-29","0","0","0","20","19","1","0","","","","Grzegorz","Dziubka",""
"30","Tomasz Turek","","","","'+48501771782","","","","tobot@o2.pl","2025-03-11 18:58:21","2025-10-01 16:21:06","","","Onesta","1","Wszyscy użytkownicy","2025-03-12","2025-09-03","0","0","0","9","7","2","0","3","","","Tomasz","Turek",""
"31","Małgorzata","","","","'+48 665 853 300","","","","malgorzataprivat@gmail.com","2025-03-11 19:03:33","2025-11-03 17:54:08","","","Onesta","0","Wszyscy użytkownicy","2025-09-17","2025-09-25","0","0","0","6","4","2","0","","","","Małgorzata","",""
"32","Jolanta Grzesik","","","","'+48691373761","","","","milagrzesik@gmail.com","2025-03-11 19:06:49","2026-04-21 10:54:11","","","Onesta","0","Wszyscy użytkownicy","2026-01-19","2026-01-07","0","1","1","5","4","1","0","","","","Jolanta","Grzesik",""
"33","Dariusz Pawłowski","","","","'+48502793303","","","","darfot@interia.pl","2025-03-11 19:09:02","2025-04-12 12:26:35","","","Onesta","0","Wszyscy użytkownicy","2025-04-01","2025-03-13","0","1","1","4","3","1","0","","","","Dariusz","Pawłowski",""
"34","Marzena Lesińska","","","","'+48 607 6985 79","","","","marzena.bajrowska@wp.pl","2025-03-11 19:11:50","2026-06-16 16:08:11","","","Onesta","1","Wszyscy użytkownicy","2026-06-16","2026-06-16","0","0","0","16","15","1","0","","","","Marzena","Lesińska",""
"35","Sławomir Babicki","","","","'+48 515 010 997","","","","shop@tullestockings.com","2025-03-11 19:13:09","2026-03-18 12:29:12","","","Onesta","1","Wszyscy użytkownicy","2027-01-13","2026-03-18","0","0","0","28","27","1","0","","","","Sławomir","Babicki",""
"36","Mariusz Kozub","","","","'+48 602 305 537","","","","mariusz.kozub1976@gmail.com","2025-03-11 19:14:44","2025-09-18 06:04:41","","","Onesta","0","Wszyscy użytkownicy","2025-09-19","2025-09-17","0","1","1","4","3","1","0","","","","Mariusz","Kozub",""
"37","Agata Gros","","","","","'+48605094606","","","agata.gros@cedical.com","2025-03-12 11:19:03","2026-05-26 13:01:05","","","Onesta","1","Wszyscy użytkownicy","2026-05-27","2026-04-29","0","0","0","14","13","1","0","","","","Agata","Gros",""
"38","Krzysztof Rączka","","","","'+48 605 313 825","","","","Krzy.raczka@gmail.com","2025-03-12 13:00:09","2026-02-05 14:08:01","","","Onesta","0","Wszyscy użytkownicy","2025-03-14","2026-02-18","0","1","1","11","10","1","0","","","","Krzysztof","Rączka",""
"39","Kamila Piederstorfer","","","","'+48 606 826 000","","kamilapiederstorfer2@gmail.com","","","2025-03-12 13:01:35","2025-11-18 18:01:23","","","Onesta","1","Wszyscy użytkownicy","","2025-11-18","0","0","0","16","16","0","0","","","","Kamila","Piederstorfer",""
"40","Monika W","","","","'+48 790 878 090","","","","ccoty12@gmail.com","2025-03-12 13:10:06","2025-07-03 09:59:42","","","Onesta","0","Wszyscy użytkownicy","","2025-07-03","0","1","1","6","6","0","0","","","","Monika","W",""
"41","Wiesław Firek","","","","'+48886989609","","","","wieslawfirek@gmail.com","2025-03-12 17:31:46","2025-06-17 15:42:06","","","Onesta","0","Wszyscy użytkownicy","2025-03-28","","0","1","1","2","0","2","0","","","","Wiesław","Firek",""
"42","Danuta Polak","","","","","'+48517451474","kisiala.danuta@gmail.com","","","2025-03-12 17:41:56","2025-09-17 14:36:01","","","Onesta","1","Wszyscy użytkownicy","","2025-09-17","0","0","0","3","3","0","0","","","","Danuta","Polak",""
"43","Kamila Wojciechowska","","","","","'+48 500 056 605","","","k.w.biuro@protonmail.com","2025-03-17 17:12:09","2026-03-04 13:18:31","","","Onesta","0","Wszyscy użytkownicy","","2025-06-12","1","0","1","15","15","0","0","","","","Kamila","Wojciechowska",""
"44","Aga K","","","","'+48 728 235 674","","","","Bebrowncoleraine@gmail.com","2025-03-17 17:12:54","2025-05-28 15:55:04","","","Onesta","0","Wszyscy użytkownicy","","2025-05-28","0","1","1","7","7","0","0","","","","Aga","K",""
"45","Marek Salamandra","","","","'+48602488634","","","","","2025-03-27 17:05:13","2025-05-30 11:55:27","","","Onesta","1","Wszyscy użytkownicy","","2025-04-15","0","0","0","4","4","0","0","","","","Marek","Salamandra",""
"46","Jan Wendland","","","","'+48 601 703 136","","","","","2025-03-31 04:49:08","2026-04-10 12:47:29","","","Onesta","0","Wszyscy użytkownicy","","2026-04-10","0","1","1","26","26","0","0","","","","Jan","Wendland",""
"47","Rafał Hojszyk","","533 594 900","","","","rafal.hojszyk@gmail.com","","","2025-04-01 15:18:23","2025-04-30 13:05:49","Rafał Hojszyk","4","Onesta","0","Wszyscy użytkownicy","","2025-04-14","0","1","1","5","5","0","0","","","","Rafał","Hojszyk",""
"48","Iwona Bik","","","","'+48 696 888 615","","","","iwonabik@yahoo.co.uk","2025-04-01 15:43:19","2025-07-02 15:12:59","","","Onesta","0","Wszyscy użytkownicy","","2025-06-13","0","1","1","11","11","0","0","","","","Iwona","Bik",""
"49","Łukasz Jerzmanowski","","'+48 502 043 930","","","","smartlukas@icloud.com","","","2025-04-01 15:49:17","2026-06-22 09:47:51","","","Onesta","1","Wszyscy użytkownicy","2026-07-16","2026-06-22","0","0","0","25","24","1","0","","","","Łukasz","Jerzmanowski",""
"50","Nobert","","","","'+48 504 098 830","","","","norbertkuba@op.pl","2025-04-01 16:05:25","2025-06-02 14:47:18","","","Onesta","0","Wszyscy użytkownicy","","2025-05-30","0","1","1","2","2","0","0","","","","Nobert","",""
"51","Karolina Bartkowska","","737 163 997","","","","","","","2025-04-03 04:27:08","2025-04-16 16:33:32","Karolina Bartkowska","5","Onesta","0","Wszyscy użytkownicy","","2025-04-01","0","1","1","3","3","0","0","","","","Karolina","Bartkowska",""
"52","Norbert Rola","","'+42 079 262 2215","","","","office@fiberbau.de","","","2025-04-03 04:35:25","2025-11-18 18:01:39","Norbert Rola","6","Onesta","1","Wszyscy użytkownicy","","2025-08-26","0","0","0","17","17","0","0","","","","Norbert","Rola",""
"53","Dawid Rudnicki","","608 605 826","","","","kanu@vp.pl","","","2025-04-03 04:39:40","2025-10-29 18:32:06","Dawid Rudnicki","7","Onesta","0","Wszyscy użytkownicy","","2025-10-29","0","1","1","16","16","0","0","","","","Dawid","Rudnicki",""
"54","Mariusz Szalechowski","","501 817 302","","","","mariusz.szelachowski@gmail.com","","","2025-04-03 04:41:58","2025-07-15 12:28:57","Mariusz Szalechowski","8","Onesta","0","Wszyscy użytkownicy","","2025-07-08","0","1","1","12","12","0","0","","","","Mariusz","Szalechowski",""
"55","Małgorzata Wlazły-Ogórkiewicz","","","","692449496","","malgo79@poczta.fm","","","2025-04-08 16:43:15","2026-04-21 10:49:50","","","Onesta","1","Wszyscy użytkownicy","2027-02-03","2026-04-21","0","0","0","10","9","1","0","","","","Małgorzata","Wlazły-Ogórkiewicz",""
"56","Janusz Modzelewski","","'+48 604 445 020","","","","","","","2025-04-14 15:40:19","2025-11-03 17:55:03","","","Onesta","0","Wszyscy użytkownicy","2025-10-02","2025-10-01","0","0","0","7","6","1","0","","","","Janusz","Modzelewski",""
"57","Tomasz Taczanowski","","'+48601203754","","","","","","","2025-04-14 15:46:11","2025-04-14 15:51:22","","","Onesta","0","Wszyscy użytkownicy","","","0","1","1","0","0","0","0","","","","Tomasz","Taczanowski",""
"58","Adam Szczepaniak","","'+48 604 273 364","","","","adam.szczepaniak@adpal.pl","","","2025-04-14 15:52:24","2025-04-14 17:08:04","","","Onesta","0","Wszyscy użytkownicy","","2025-04-15","0","1","1","2","2","0","0","","","","Adam","Szczepaniak",""
"59","Marz Krajewska","","'+48 600 264 686","","","","","","","2025-04-14 15:53:01","2025-04-17 10:33:36","","","Onesta","0","Wszyscy użytkownicy","2025-04-22","2025-04-16","0","1","1","4","3","1","0","","","","Marz","Krajewska",""
"60","Mieczysław Biela","","'+48 605 536 135","","","","","","mietekbiela@wp.pl","2025-04-14 16:02:41","2025-06-23 15:38:47","","","Onesta","0","Wszyscy użytkownicy","2025-06-24","2025-06-06","0","1","1","9","8","1","0","","","","Mieczysław","Biela",""
"61","Patryk Jaskóła","","'+48 792 023 200","","","","produkcja@steel-house.com.pl","","","2025-04-14 16:03:39","2026-06-22 10:05:11","","","Onesta","0","Wszyscy użytkownicy","","2026-01-27","0","1","1","17","17","0","0","","","","Patryk","Jaskóła",""
"62","Renata Wielgus","","","","'+48 501 326 501","","","","renata.wielgus@gmail.com","2025-04-16 16:40:34","2025-10-27 17:14:26","","","Onesta","1","Wszyscy użytkownicy","2025-10-28","2025-07-02","0","0","0","12","11","1","0","","","","Renata","Wielgus",""
"63","Martyna Rokicka","","","","'+48 668 370 130","","","","martynsha@interia.pl","2025-04-16 16:45:08","2025-07-22 15:16:33","","","Onesta","0","Wszyscy użytkownicy","","2025-06-12","0","1","1","4","4","0","0","","","","Martyna","Rokicka",""
"64","Krystyna Olow","","","","'+48547246321","","","","","2025-04-22 15:59:33","2025-04-22 17:38:55","","","Onesta","0","Wszyscy użytkownicy","","","0","1","1","0","0","0","0","","","","Krystyna","Olow",""
"65","Vitalii Skabara","","'+48 516 015 122","","","","","","skabautotrans@gmail.com","2025-04-22 16:00:53","2025-11-14 15:57:20","","","Onesta","1","Wszyscy użytkownicy","2025-11-17","2025-11-04","0","0","0","17","16","1","0","","","","Vitalii","Skabara",""
"66","Tomasz Kotłowski","","'+48669447144","","","","tomasz.kotlowski@gmail.com","","","2025-04-22 16:02:17","2025-08-11 07:20:06","","","Onesta","0","Wszyscy użytkownicy","2025-04-24","2025-08-11","0","1","1","6","4","2","0","","","","Tomasz","Kotłowski",""
"67","Irena Daniszewska","","","","604456202","","i.daniszewska@wp.pl","","","2025-04-25 16:43:29","2025-09-03 15:15:53","","","Onesta","1","Wszyscy użytkownicy","","2025-08-11","0","0","0","6","6","0","0","","","","Irena","Daniszewska",""
"68","Konrad","","790478855","","","","","","","2025-04-25 16:51:10","2025-05-19 12:29:03","","","Onesta","0","Wszyscy użytkownicy","2025-04-29","2025-04-28","0","1","1","3","2","1","0","","","","Konrad","",""
"69","Mariola Pastor - Cybulska","","'+48 603 999 333","","","","Fhmpc777@gmail.com","","","2025-05-13 14:40:05","2026-01-07 14:33:42","Mariola Pastor - Cybulska","9","Onesta","0","Wszyscy użytkownicy","","2025-07-03","1","0","1","6","6","0","0","","","","Mariola","Pastor - Cybulska",""
"70","Michał Kłosin","","'+48 660 333 330","","","","michal.klosin@wp.pl","","","2025-06-02 12:06:02","2025-10-09 17:29:58","","","Onesta","1","Wszyscy użytkownicy","","2025-10-08","0","0","0","11","11","0","0","","","","Michał","Kłosin",""
"71","Michał Drywa","","'+48662020030","","","","","","","2025-06-04 16:23:53","2025-09-22 14:01:08","","","Onesta","1","Wszyscy użytkownicy","","2025-09-20","0","0","0","2","2","0","0","","","","Michał","Drywa",""
"72","Jarosław","","","","","","","","","2025-06-04 16:30:08","2025-06-10 15:28:17","","","Onesta","0","Wszyscy użytkownicy","2025-06-05","","0","0","0","1","0","1","0","","","","Jarosław","",""
"73","Władysław Zamiatala","","","","","","","","","2025-06-04 17:18:08","2025-06-17 15:30:49","","","Onesta","0","Wszyscy użytkownicy","2025-06-11","2025-06-10","0","0","0","2","1","1","0","","","","Władysław","Zamiatala",""
"74","Michał Borkowski","","6604024602","","","","mibor.ndt@gmail.com","","","2025-06-08 13:03:09","2026-04-21 11:07:37","","","Onesta","0","Wszyscy użytkownicy","2026-04-22","2026-04-21","0","1","1","13","12","1","0","","","","Michał","Borkowski",""
"75","Artur Skubel","","727400700","","","","","","","2025-06-16 15:12:46","2025-06-16 15:13:21","","","Onesta","1","Wszyscy użytkownicy","","","0","0","0","0","0","0","0","","","","Artur","Skubel",""
"76","Paweł Czobot","","785964464","","","","","","","2025-06-17 15:44:36","2025-10-01 16:32:30","","","Onesta","1","Wszyscy użytkownicy","","2025-09-25","0","0","0","4","4","0","0","","","","Paweł","Czobot",""
"77","Wojciech Dudziński","","'+48 604 582 430","","","","wojciech.dudzinski@onet.com.pl","","","2025-06-17 16:08:21","2026-06-16 09:54:58","","","Onesta","1","Wszyscy użytkownicy","2026-06-17","2026-06-16","0","0","0","29","28","1","0","","","","Wojciech","Dudziński",""
"78","Robert Ranoda","","513155869","","","","","","","2025-06-17 16:16:30","2025-10-15 17:03:12","","","Onesta","0","Wszyscy użytkownicy","","2025-10-15","0","0","0","5","5","0","0","","","","Robert","Ranoda",""
"79","Marcin Woźniak","","780 070 444","","","","M-k-wozniak@wp.pl","","","2025-08-07 10:16:13","2025-08-11 09:40:27","Marcin Woźniak","10","Onesta","0","Wszyscy użytkownicy","","2025-08-07","0","1","1","1","1","0","0","","","","Marcin","Woźniak",""
"80","Michal Drząszcz","","502 331 378","","","","Remikatowice@op.pl","","","2025-08-07 10:19:27","2025-08-26 12:03:28","Michal Drząszcz","11","Onesta","0","Wszyscy użytkownicy","","2025-08-26","0","1","1","5","5","0","0","","","","Michal","Drząszcz",""
"81","Michał Kołodziejczyk","","606660676","","","","m.kolodziejczyk@outlook.com","","","2025-08-11 06:55:54","2026-04-21 10:58:16","","","Onesta","0","Wszyscy użytkownicy","2025-10-27","2025-09-16","0","1","1","3","2","1","0","","","","Michał","Kołodziejczyk",""
"82","Liliana Gumkowska","","'+48 796 202 268","","","","gumkowskaliliana@gmail.com","","","2025-08-12 16:57:38","2025-10-30 13:24:33","","","Onesta","0","Wszyscy użytkownicy","","2025-10-28","0","1","1","12","12","0","0","","","","Liliana","Gumkowska",""
"83","Marek Tkaczyński","","'+48 604 136 371","","","","m.tkaczynski@interia.pl","","","2025-08-18 15:54:00","2026-06-09 09:19:44","","","Onesta","1","Wszyscy użytkownicy","2026-08-06","2026-06-02","0","0","0","12","11","1","0","","","","Marek","Tkaczyński",""
"84","Mirosław Kaczmarek","","'+48 600 086 004","","","","mirek@pewik.gdynia.pl","","","2025-08-19 16:41:57","2026-01-27 14:51:12","","","Onesta","0","Wszyscy użytkownicy","","2026-01-27","0","1","1","7","7","0","0","","","","Mirosław","Kaczmarek",""
"85","Jarek","","48 666 904 041","","","","juratams@gmail.com","","","2025-08-26 12:04:36","2025-11-12 17:23:28","Jarek","12","Onesta","0","Wszyscy użytkownicy","","2025-11-12","0","0","0","11","11","0","0","","","","Jarek","",""
"86","Krzysztof Janus","","'+48 601 622 409","","","","krzysztofjanus@op.pl","","","2025-09-01 04:39:03","2026-04-28 15:41:26","","","Onesta","1","Wszyscy użytkownicy","","2026-04-28","0","0","0","14","14","0","0","","","","Krzysztof","Janus",""
"87","Edyta Zamorska","","693 209 986","","","","edyta.zamorska@wp.pl","","","2025-09-03 16:12:47","2025-09-11 13:31:38","Edyta Zamorska","13","Onesta","0","Wszyscy użytkownicy","","2025-09-10","0","1","1","2","2","0","0","","","","Edyta","Zamorska",""
"88","Anna Michalska","","693 111 801","","","","ania381@wp.pl","","","2025-09-09 15:52:43","2025-09-16 14:22:09","Anna Michalska","14","Onesta","0","Wszyscy użytkownicy","","2025-09-11","0","1","1","2","2","0","0","","","","Anna","Michalska",""
"89","Zaja Maruszewska","","'+48501724177","","","","ebrowany.02czcionka@icloud.com","","","2025-09-09 16:48:27","2026-04-21 10:15:03","","","Onesta","0","Wszyscy użytkownicy","","2025-09-22","0","1","1","4","4","0","0","","","","Zaja","Maruszewska",""
"90","Ewelina Dyc","","48604755422","","","","zebrowany.02czcionka@icloud.com","","","2025-09-09 17:40:09","2026-04-21 11:15:52","","","Onesta","1","Wszyscy użytkownicy","2025-09-10","2026-04-21","0","0","0","6","4","2","0","","","","Ewelina","Dyc",""
"91","Anna Jackun-Podleśna","","'+48660389579","","","","a.pasternak.winiarska@gmail.com","","","2025-09-11 17:08:47","2026-04-21 10:40:19","","","Onesta","1","Wszyscy użytkownicy","2026-04-22","2026-04-21","0","0","0","13","12","1","0","","","","Anna","Jackun-Podleśna",""
"92","Jolanta Maślikowska","","'+48603138491	","","","","jolanta.maslikowska@gmail.com","","","2025-09-15 09:16:14","2025-10-30 11:31:14","","","Onesta","1","Wszyscy użytkownicy","","2025-10-22","0","0","0","9","9","0","0","","","","Jolanta","Maślikowska",""
"93","Damian Bargieł","","'+48502079649","","","","","","","2025-09-15 09:18:54","2026-06-13 17:33:40","","","Onesta","0","Wszyscy użytkownicy","2026-03-27","2026-01-02","0","1","1","7","6","1","0","","","","Damian","Bargieł",""
"94","Krzysztof Ostromęcki","","609 221 122","","","","kontakt@ko-consult.pl","","","2025-09-15 18:19:15","2025-11-18 12:17:52","Krzysztof Ostromęcki","15","Onesta","0","Wszyscy użytkownicy","","2025-11-18","0","1","1","10","10","0","0","","","","Krzysztof","Ostromęcki",""
"95","Ryszard Andrzejewski","","505103180","","","","osiedlezielonagorka@o2.pl","","","2025-09-16 15:29:16","2026-04-21 11:03:36","","","Onesta","1","Wszyscy użytkownicy","2025-09-18","2026-04-21","0","0","0","14","12","2","0","","","","Ryszard","Andrzejewski",""
"96","Leszek Kraskowski","","503 376 556","","","","leszek.kraskowski@gmail.com","","","2025-09-16 15:41:18","2025-10-22 18:01:42","","","Onesta","0","Wszyscy użytkownicy","","2025-10-21","0","1","1","8","8","0","0","","","","Leszek","Kraskowski",""
"97","Daniel Górny","","504186746","","","","dgorny.dg@gmail.com","","","2025-09-16 15:42:57","2026-02-03 14:20:53","","","Onesta","0","Wszyscy użytkownicy","2026-01-26","2026-01-23","0","1","1","9","8","1","0","","","","Daniel","Górny",""
"98","Krzysztof Kot","","668121990","","","","Krzysz.k@onet.eu","","","2025-09-16 16:02:22","2026-02-03 17:07:36","","","Onesta","0","Wszyscy użytkownicy","2026-01-05","2025-10-27","0","1","1","8","7","1","0","","","","Krzysztof","Kot",""
"99","Krzysztof Iwiński","","602345686","","","","iwoiwi@gmail.com","","","2025-09-16 16:04:37","2025-09-16 16:06:51","","","Onesta","0","Wszyscy użytkownicy","","","0","0","0","0","0","0","0","5","","","Krzysztof","Iwiński",""
"100","Artur Tomczyk","","693363667","","","","artom27@wp.pl","","","2025-09-17 16:15:52","2025-10-14 13:09:15","","","Onesta","1","Wszyscy użytkownicy","","2025-10-03","0","0","0","6","6","0","0","","","","Artur","Tomczyk",""
"101","Arkadiusz Przepiórka","","'+48501231820","","","","arkadiusz.przepiorka@interia.pl","","","2025-09-18 14:10:38","2025-10-16 16:29:47","","","Onesta","1","Wszyscy użytkownicy","","2025-10-03","0","0","0","4","4","0","0","","","","Arkadiusz","Przepiórka",""
"102","Klaudia Lodl","","'+48881911032 ","","","","klaudialodl@gmail.com","","","2025-09-18 14:26:20","2026-06-13 18:05:46","","","Onesta","0","Wszyscy użytkownicy","2026-04-03","2025-10-17","0","1","1","6","5","1","0","","","","Klaudia","Lodl",""
"103","Damian Gora Gorawski","","'+48504268342","","","","","","","2025-09-18 15:03:06","2026-06-13 18:08:03","","","Onesta","0","Wszyscy użytkownicy","2026-05-29","2025-11-28","0","1","1","11","10","1","0","","","","Damian Gora","Gorawski",""
"104","Justyna Czopek ( Ryki )","","'+48797992557","","","","justyna.ryki@interia.pl","","","2025-09-18 15:06:59","2026-06-13 11:19:39","","","Onesta","0","Wszyscy użytkownicy","2026-05-04","2026-01-30","0","1","1","6","5","1","0","","","","Justyna","Czopek ( Ryki )",""
"105","Beata Cieplińska","","'+48500244308","","","","","","","2025-09-18 15:35:59","2025-10-22 11:08:14","","","Onesta","1","Wszyscy użytkownicy","2025-10-23","2025-10-21","0","0","0","4","3","1","0","","","","Beata","Cieplińska",""
"106","Sabina Ptas","","'+48798320855 ","","","","sabina.ptas@gmail.com","","","2025-09-18 15:57:18","2025-10-28 08:39:26","","","Onesta","1","Wszyscy użytkownicy","2025-10-30","2025-10-22","0","0","0","7","6","1","0","","","","Sabina","Ptas",""
"107","Renata Stępień","","'+48533502641","","","","renata.197168@gmail.com","","","2025-09-18 16:04:53","2026-06-16 16:16:19","","","Onesta","1","Wszyscy użytkownicy","2026-06-16","2025-10-21","0","0","0","12","11","1","0","","","","Renata","Stępień",""
"108","Andrzej Kaczan","","'+48601343353 ","","","","andrzej.kaczan@poczta.onet.pl","","","2025-09-18 16:10:36","2025-10-28 08:37:33","","","Onesta","1","Wszyscy użytkownicy","","2025-10-28","0","0","0","2","2","0","0","","","","Andrzej","Kaczan",""
"109","Edyta Latkowska","","'+48606416720 ","","","","edyta.latkowska@gmail.com","","","2025-09-18 16:14:20","2025-10-08 08:29:25","","","Onesta","1","Wszyscy użytkownicy","2025-10-08","2025-10-07","0","0","0","7","6","1","0","","","","Edyta","Latkowska",""
"881","Angelika Bachowska","","517 452 303","","","","","","","2025-09-18 17:07:58","2025-09-19 16:20:32","","","Onesta","0","Wszyscy użytkownicy","","","0","1","1","0","0","0","0","","","","Angelika","Bachowska",""
"882","Maciej Rysman","","601 470 860","","","","","","","2025-09-18 17:07:58","2025-09-19 16:08:41","","","Onesta","1","Wszyscy użytkownicy","2025-10-01","2025-09-18","0","0","0","2","1","1","0","","","","Maciej","Rysman",""
"883","Mateusz Zakrzewski","","661 630 419","","","","","","","2025-09-18 17:07:58","2025-09-19 16:20:07","","","Onesta","0","Wszyscy użytkownicy","","","0","1","1","0","0","0","0","","","","Mateusz","Zakrzewski",""
"884","Agnieszka Słomczewska","","609 912 673","","","","","","","2025-09-18 17:07:58","2025-09-19 16:09:10","","","Onesta","1","Wszyscy użytkownicy","2025-11-04","","0","0","0","1","0","1","0","","","","Agnieszka","Słomczewska",""
"885","Alina Kołodziejska","","692 421 436","","","","","","","2025-09-18 17:07:58","2025-09-19 16:13:43","","","Onesta","0","Wszyscy użytkownicy","","2025-09-18","0","1","1","1","1","0","0","","","","Alina","Kołodziejska",""
"886","Małgorzata Szydłowska","","882 775 023","","","","","","","2025-09-18 17:07:58","2025-09-18 17:08:00","","","Onesta","0","Wszyscy użytkownicy","2025-09-18","","0","1","1","1","0","1","0","","","","Małgorzata","Szydłowska",""
"887","Adam Kacperek","","'+48501168615","","","","","","","2025-09-18 17:07:58","2025-09-19 16:21:22","","","Onesta","1","Wszyscy użytkownicy","2025-09-22","2025-09-18","0","0","0","3","2","1","0","","","","Adam","Kacperek",""
"888","Adam Wojciechowski","","665 112 331","","","","","","","2025-09-18 17:07:58","2025-09-19 16:19:23","","","Onesta","0","Wszyscy użytkownicy","","","0","1","1","0","0","0","0","","","","Adam","Wojciechowski",""
"889","Renata Stępień","","533 502 641","","","","","","","2025-09-18 17:07:58","2025-09-19 16:08:34","","","Onesta","1","Wszyscy użytkownicy","2025-12-01","2025-09-18","0","0","0","2","1","1","0","","","","Renata","Stępień",""
"890","Adam Sokolowski","","504 265 132","","","","","","","2025-09-18 17:07:58","2026-04-28 15:49:40","","","Onesta","1","Wszyscy użytkownicy","","2026-04-28","0","1","1","4","4","0","0","","","","Adam","Sokolowski",""
"891","Adam Fedeńczak","","'+48509528688","","","","","","","2025-09-18 17:08:00","2025-09-19 16:17:55","","","Onesta","1","Wszyscy użytkownicy","2025-09-22","2025-09-19","0","0","0","2","1","1","0","","","","Adam","Fedeńczak",""
"892","Adrianna Kasprzak","","'+4915111251375","","","","","","","2025-09-18 17:08:00","2025-09-18 17:08:02","","","Onesta","1","Wszyscy użytkownicy","","","0","0","0","0","0","0","0","","","","Adrianna","Kasprzak",""
"893","Agnieszka Morańda","","'+48501894552","","","","","","","2025-09-18 17:08:00","2025-09-19 16:12:17","","","Onesta","1","Wszyscy użytkownicy","2025-09-22","","0","0","0","1","0","1","0","","","","Agnieszka","Morańda",""
"894","Agnieszka Brzezińska","","'+48666088424","","","","","","","2025-09-18 17:08:00","2025-09-19 17:14:22","","","Onesta","1","Wszyscy użytkownicy","2026-02-02","2025-09-22","0","0","0","3","2","1","0","","","","Agnieszka","Brzezińska",""
"895","Ala Bańkowska","","'+48602188392","","","","","","","2025-09-18 17:08:00","2025-09-18 17:08:04","","","Onesta","0","Wszyscy użytkownicy","2025-09-18","","0","1","1","1","0","1","0","","","","Ala","Bańkowska",""
"896","Aleksandra Miller","","604659364","","","","","","","2025-09-18 17:08:00","2025-09-19 16:11:55","","","Onesta","0","Wszyscy użytkownicy","","2025-09-18","0","1","1","1","1","0","0","","","","Aleksandra","Miller",""
"897","Andrzej Dec","","'+48501850075","","","","","","","2025-09-18 17:08:02","2025-09-19 16:10:09","","","Onesta","0","Wszyscy użytkownicy","","2025-09-19","0","1","1","2","2","0","0","","","","Andrzej","Dec",""
"898","Andrzej Milewski","","'+48605737504","","","","","","","2025-09-18 17:08:02","2025-09-19 16:08:22","","","Onesta","1","Wszyscy użytkownicy","2025-12-01","2025-09-18","0","0","0","2","1","1","0","","","","Andrzej","Milewski",""
"899","Andrzej Slocinski","","'+48502317350","","","","","","","2025-09-18 17:08:02","2025-09-18 17:08:04","","","Onesta","1","Wszyscy użytkownicy","","","0","0","0","0","0","0","0","","","","Andrzej","Slocinski",""
"900","Andrzej Gondek","","'+48783884144","","","","","","","2025-09-18 17:08:02","2025-09-18 17:08:04","","","Onesta","1","Wszyscy użytkownicy","","","0","0","0","0","0","0","0","","","","Andrzej","Gondek",""
"901","Andrzej_R","","'+48602509773","","","","","","","2025-09-18 17:08:02","2025-09-18 17:08:04","","","Onesta","1","Wszyscy użytkownicy","","","0","0","0","0","0","0","0","","","","Andrzej_R","",""
"902","Aneta Szulc","","'+48692467778","","","","","","","2025-09-18 17:08:02","2025-09-18 17:08:04","","","Onesta","1","Wszyscy użytkownicy","","","0","0","0","0","0","0","0","","","","Aneta","Szulc",""
"903","Anna Skiba","","'+48606785383","","","","","","","2025-09-18 17:08:02","2025-09-18 17:08:04","","","Onesta","1","Wszyscy użytkownicy","","","0","0","0","0","0","0","0","","","","Anna","Skiba",""
"904","Anna Szkolska","","'+48502590430","","","","","","","2025-09-18 17:08:04","2025-09-18 17:08:04","","","Onesta","1","Wszyscy użytkownicy","","","0","0","0","0","0","0","0","","","","Anna","Szkolska",""
"905","Anna Łagodzicz-Pilarska","","'+48692723726","","","","","","","2025-09-18 17:08:04","2025-09-18 17:08:06","","","Onesta","1","Wszyscy użytkownicy","","","0","0","0","0","0","0","0","","","","Anna","Łagodzicz-Pilarska",""
"906","Anna Uniatowska-Figas","","'+48601724867","","","","","","","2025-09-18 17:08:04","2025-09-18 17:08:06","","","Onesta","1","Wszyscy użytkownicy","","","0","0","0","0","0","0","0","","","","Anna","Uniatowska-Figas",""
"907","Anna Wiland","","'+48691822474","","","","","","","2025-09-18 17:08:04","2025-09-18 17:08:06","","","Onesta","1","Wszyscy użytkownicy","","","0","0","0","0","0","0","0","","","","Anna","Wiland",""
"908","Arkadiusz Kasztelan","","'+48502316692","","","","","","","2025-09-18 17:08:04","2025-09-18 17:08:06","","","Onesta","1","Wszyscy użytkownicy","","","0","0","0","0","0","0","0","","","","Arkadiusz","Kasztelan",""
"909","arturro","","'+48696270111","","","","","","","2025-09-18 17:08:04","2025-09-18 17:08:06","","","Onesta","1","Wszyscy użytkownicy","","","0","0","0","0","0","0","0","","","","arturro","",""
"910","Asia Zawadzka","","'+48512426384","","","","","","","2025-09-18 17:08:04","2025-12-08 20:16:54","","","Onesta","2","Wszyscy użytkownicy","","2025-12-08","0","0","0","4","4","0","0","","","","Asia","Zawadzka",""
"911","Barbara Drabek","","'+48601541785","","","","","","","2025-09-18 17:08:06","2026-06-13 17:27:34","","","Onesta","0","Wszyscy użytkownicy","","2026-04-17","0","1","1","18","18","0","0","","","","Barbara","Drabek",""
"912","Barbara Brzóstowska","","'+48500606202","","","","","","","2025-09-18 17:08:06","2025-09-18 17:08:06","","","Onesta","1","Wszyscy użytkownicy","","","0","0","0","0","0","0","0","","","","Barbara","Brzóstowska",""
"913","Beata Jarosz","","'+48501742832","","","","","","","2025-09-18 17:08:06","2025-09-18 17:08:06","","","Onesta","1","Wszyscy użytkownicy","","","0","0","0","0","0","0","0","","","","Beata","Jarosz",""
"914","Bogumiła Iwanowska","","'+48605241108","","","","","","","2025-09-18 17:08:06","2025-09-18 17:08:06","","","Onesta","1","Wszyscy użytkownicy","","","0","0","0","0","0","0","0","","","","Bogumiła","Iwanowska",""
"915","Darek Szychulski","","'+48502404638","","","","","","","2025-09-18 17:08:06","2025-09-18 17:08:08","","","Onesta","1","Wszyscy użytkownicy","","","0","0","0","0","0","0","0","","","","Darek","Szychulski",""
"916","Danuta","","'+48507133260","","","","","","","2025-09-18 17:08:06","2025-09-18 17:08:08","","","Onesta","1","Wszyscy użytkownicy","","","0","0","0","0","0","0","0","","","","Danuta","",""
"917","Dorota Kowalczys","","'+48603692873","","","","","","","2025-09-18 17:08:08","2025-09-18 17:08:08","","","Onesta","1","Wszyscy użytkownicy","","","0","0","0","0","0","0","0","","","","Dorota","Kowalczys",""
"918","Ewa Patkiewicz","","'+48607461827","","","","","","","2025-09-18 17:08:08","2025-09-18 17:08:08","","","Onesta","1","Wszyscy użytkownicy","","","0","0","0","0","0","0","0","","","","Ewa","Patkiewicz",""
"919","Dom Karo","","'+48609324259","","","","","","","2025-09-18 17:08:08","2025-09-18 17:08:08","","","Onesta","1","Wszyscy użytkownicy","","","0","0","0","0","0","0","0","","","","Dom","Karo",""
"920","E.dylewska","","'+48607512517","","","","","","","2025-09-18 17:08:08","2025-09-18 17:08:08","","","Onesta","1","Wszyscy użytkownicy","","","0","0","0","0","0","0","0","","","","E.dylewska","",""
"921","Dodi Almagro","","'+48692489342","","","","","","","2025-09-18 17:08:08","2025-09-18 17:08:08","","","Onesta","1","Wszyscy użytkownicy","","","0","0","0","0","0","0","0","","","","Dodi","Almagro",""
"922","Florabea","","'+48602518536","","","","","","","2025-09-18 17:08:08","2025-09-18 17:08:10","","","Onesta","1","Wszyscy użytkownicy","","","0","0","0","0","0","0","0","","","","Florabea","",""
"923","Grzegorz Jaśkiewicz","","'+48601715112","","","","","","","2025-09-18 17:08:08","2025-09-18 17:08:10","","","Onesta","1","Wszyscy użytkownicy","","","0","0","0","0","0","0","0","","","","Grzegorz","Jaśkiewicz",""
"924","Henryk Mazur","","'+48603795807","","","","","","","2025-09-18 17:08:08","2025-09-18 17:08:10","","","Onesta","1","Wszyscy użytkownicy","","","0","0","0","0","0","0","0","","","","Henryk","Mazur",""
"925","Irena Siwowska","","'+48601542482","","","","","","","2025-09-18 17:08:08","2025-09-18 17:08:10","","","Onesta","1","Wszyscy użytkownicy","","","0","0","0","0","0","0","0","","","","Irena","Siwowska",""
"926","Irena Ciesla","","'+48601439239","","","","","","","2025-09-18 17:08:10","2025-09-18 17:08:10","","","Onesta","1","Wszyscy użytkownicy","","","0","0","0","0","0","0","0","","","","Irena","Ciesla",""
"927","Irmina Wrotecka","","'+48604495007","","","","","","","2025-09-18 17:08:10","2025-09-18 17:08:10","","","Onesta","1","Wszyscy użytkownicy","","","0","0","0","0","0","0","0","","","","Irmina","Wrotecka",""
"928","Iwona Kurczak","","'+48668804625","","","","","","","2025-09-18 17:08:10","2025-09-18 17:08:12","","","Onesta","1","Wszyscy użytkownicy","","","0","0","0","0","0","0","0","","","","Iwona","Kurczak",""
"929","Iwona Nowosielska","","'+48501437613","","","","","","","2025-09-18 17:08:10","2025-09-18 17:08:11","","","Onesta","1","Wszyscy użytkownicy","","","0","0","0","0","0","0","0","","","","Iwona","Nowosielska",""
"930","Jacek Bartosik","","'+48601302280","","","","","","","2025-09-18 17:08:10","2025-09-18 17:08:12","","","Onesta","1","Wszyscy użytkownicy","","","0","0","0","0","0","0","0","","","","Jacek","Bartosik",""
"931","Jacek Wojdyła","","'+48600326786","","","","","","","2025-09-18 17:08:10","2025-09-18 17:08:12","","","Onesta","1","Wszyscy użytkownicy","","","0","0","0","0","0","0","0","","","","Jacek","Wojdyła",""
"932","Jarosław Jabłoński","","'+48509528176","","","","","","","2025-09-18 17:08:10","2025-09-18 17:08:12","","","Onesta","1","Wszyscy użytkownicy","","","0","0","0","0","0","0","0","","","","Jarosław","Jabłoński",""
"933","Jacek Wronski","","'+48501592849","","","","","","","2025-09-18 17:08:10","2025-09-18 17:08:12","","","Onesta","1","Wszyscy użytkownicy","","","0","0","0","0","0","0","0","","","","Jacek","Wronski",""
"934","Jerzy Badowski","","'+48666604624","","","","","","","2025-09-18 17:08:10","2025-09-18 17:08:12","","","Onesta","1","Wszyscy użytkownicy","","","0","0","0","0","0","0","0","","","","Jerzy","Badowski",""
"935","Joanna Wieczorek-Kultys","","'+48607273260","","","","","","","2025-09-18 17:08:12","2025-09-18 17:08:13","","","Onesta","1","Wszyscy użytkownicy","","","0","0","0","0","0","0","0","","","","Joanna","Wieczorek-Kultys",""
"936","Joanna Bochynska","","'+48501031935","","","","","","","2025-09-18 17:08:12","2025-09-18 17:08:14","","","Onesta","1","Wszyscy użytkownicy","","","0","0","0","0","0","0","0","","","","Joanna","Bochynska",""
"937","Jolanta Panikowska","","'+48665301102","","","","","","","2025-09-18 17:08:12","2025-09-18 17:08:13","","","Onesta","1","Wszyscy użytkownicy","","","0","0","0","0","0","0","0","","","","Jolanta","Panikowska",""
"938","Jola Kisiel","","'+48502169330","","","","","","","2025-09-18 17:08:12","2025-09-18 17:08:14","","","Onesta","1","Wszyscy użytkownicy","","","0","0","0","0","0","0","0","","","","Jola","Kisiel",""
"939","Julian Baczynski","","'+48517463589","","","","","","","2025-09-18 17:08:12","2025-09-18 17:08:14","","","Onesta","1","Wszyscy użytkownicy","","","0","0","0","0","0","0","0","","","","Julian","Baczynski",""
"940","Jurek Andrearczyk","","'+48602247638","","","","","","","2025-09-18 17:08:12","2025-09-18 17:08:15","","","Onesta","1","Wszyscy użytkownicy","","","0","0","0","0","0","0","0","","","","Jurek","Andrearczyk",""
"941","Justyna Pierścieńska","","'+48696866417","","","","","","","2025-09-18 17:08:12","2025-09-18 17:08:15","","","Onesta","1","Wszyscy użytkownicy","","","0","0","0","0","0","0","0","","","","Justyna","Pierścieńska",""
"942","Kasia_pk","","'+48602377340","","","","","","","2025-09-18 17:08:12","2025-09-18 17:08:15","","","Onesta","1","Wszyscy użytkownicy","","","0","0","0","0","0","0","0","","","","Kasia_pk","",""
"943","Krzysztof Jastrzębski","","'+48602130348","","","","","","","2025-09-18 17:08:14","2025-09-18 17:08:15","","","Onesta","1","Wszyscy użytkownicy","","","0","0","0","0","0","0","0","","","","Krzysztof","Jastrzębski",""
"944","Kinga Zawal-Adamas","","'+48666540646","","","","","","","2025-09-18 17:08:14","2025-09-18 17:08:15","","","Onesta","1","Wszyscy użytkownicy","","","0","0","0","0","0","0","0","","","","Kinga","Zawal-Adamas",""
"945","Krzysztof Tratkiewicz","","'+48602435445","","","","","","","2025-09-18 17:08:14","2025-09-18 17:08:17","","","Onesta","1","Wszyscy użytkownicy","","","0","0","0","0","0","0","0","","","","Krzysztof","Tratkiewicz",""
"946","Krzysztof Budzowski","","'+48602241014","","","","","","","2025-09-18 17:08:14","2025-09-18 17:08:17","","","Onesta","1","Wszyscy użytkownicy","","","0","0","0","0","0","0","0","","","","Krzysztof","Budzowski",""
"947","Leszek klin","","'+48602212176","","","","","","","2025-09-18 17:08:15","2025-09-18 17:08:17","","","Onesta","1","Wszyscy użytkownicy","","","0","0","0","0","0","0","0","","","","Leszek","klin",""
"948","Łukasz Rokicki","","'+48795103152","","","","","","","2025-09-18 17:08:15","2025-09-18 17:08:17","","","Onesta","1","Wszyscy użytkownicy","","","0","0","0","0","0","0","0","","","","Łukasz","Rokicki",""
"949","Lucjan Łajło","","'+48781527252","","","","","","","2025-09-18 17:08:15","2025-09-18 17:08:17","","","Onesta","1","Wszyscy użytkownicy","","","0","0","0","0","0","0","0","","","","Lucjan","Łajło",""
"950","Maciek Ciszewski","","'+48728875100","","","","","","","2025-09-18 17:08:15","2025-09-18 17:08:17","","","Onesta","1","Wszyscy użytkownicy","","","0","0","0","0","0","0","0","","","","Maciek","Ciszewski",""
"951","Małgorzata Kc","","'+48604905145","","","","","","","2025-09-18 17:08:16","2025-09-18 17:08:17","","","Onesta","1","Wszyscy użytkownicy","","","0","0","0","0","0","0","0","","","","Małgorzata","Kc",""
"952","Magdalena Rogula","","'+48605400064","","","","","","","2025-09-18 17:08:16","2025-09-18 17:08:17","","","Onesta","1","Wszyscy użytkownicy","","","0","0","0","0","0","0","0","","","","Magdalena","Rogula",""
"953","Marcelina Migel","","'+48696008622","","","","","","","2025-09-18 17:08:17","2025-09-18 17:08:19","","","Onesta","1","Wszyscy użytkownicy","","","0","0","0","0","0","0","0","","","","Marcelina","Migel",""
"954","Małgorzata Nowacka","","'+48667507100","","","","","","","2025-09-18 17:08:17","2025-09-18 17:08:19","","","Onesta","1","Wszyscy użytkownicy","","","0","0","0","0","0","0","0","","","","Małgorzata","Nowacka",""
"955","Mario MW","","'+48662332882","","","","","","","2025-09-18 17:08:17","2025-09-18 17:08:19","","","Onesta","1","Wszyscy użytkownicy","","","0","0","0","0","0","0","0","","","","Mario","MW",""
"956","Maria Plum","","'+48601444413","","","","","","","2025-09-18 17:08:17","2025-09-18 17:08:19","","","Onesta","1","Wszyscy użytkownicy","","","0","0","0","0","0","0","0","","","","Maria","Plum",""
"957","Marcin Grabowski","","'+48603061114","","","","","","","2025-09-18 17:08:17","2025-09-18 17:08:21","","","Onesta","2","Wszyscy użytkownicy","","","0","0","0","0","0","0","0","","","","Marcin","Grabowski",""
"958","Mariusz Dobrzeniecki","","'+48607818392","","","","","","","2025-09-18 17:08:17","2025-09-18 17:08:19","","","Onesta","1","Wszyscy użytkownicy","","","0","0","0","0","0","0","0","","","","Mariusz","Dobrzeniecki",""
"959","Michał","","'+48608401893","","","","","","","2025-09-18 17:08:19","2025-09-18 17:08:19","","","Onesta","1","Wszyscy użytkownicy","","","0","0","0","0","0","0","0","","","","Michał","",""
"960","Michał Śmiechowski","","'+48511220175","","","","","","","2025-09-18 17:08:19","2025-09-18 17:08:19","","","Onesta","1","Wszyscy użytkownicy","","","0","0","0","0","0","0","0","","","","Michał","Śmiechowski",""
"961","Mariusz Grzybowski","","'+48695106419","","","","","","","2025-09-18 17:08:19","2025-09-18 17:08:19","","","Onesta","1","Wszyscy użytkownicy","","","0","0","0","0","0","0","0","","","","Mariusz","Grzybowski",""
"962","Michał Sonik","","'+48502440065","","","","","","","2025-09-18 17:08:19","2025-09-18 17:08:23","","","Onesta","2","Wszyscy użytkownicy","","","0","0","0","0","0","0","0","","","","Michał","Sonik",""
"963","Mikołaj Ponikowski","","'+48602703219","","","","","","","2025-09-18 17:08:19","2025-09-18 17:08:21","","","Onesta","1","Wszyscy użytkownicy","","","0","0","0","0","0","0","0","","","","Mikołaj","Ponikowski",""
"964","Mirosław Witkowski","","'+48601658360","","","","","","","2025-09-18 17:08:19","2025-09-18 17:08:21","","","Onesta","1","Wszyscy użytkownicy","","","0","0","0","0","0","0","0","","","","Mirosław","Witkowski",""
"965","Monia","","'+48501020020","","","","","","","2025-09-18 17:08:19","2025-09-18 17:08:21","","","Onesta","1","Wszyscy użytkownicy","","","0","0","0","0","0","0","0","","","","Monia","",""
"966","Monika Siankowska","","'+48504215194","","","","","","","2025-09-18 17:08:21","2025-09-18 17:08:21","","","Onesta","1","Wszyscy użytkownicy","","","0","0","0","0","0","0","0","","","","Monika","Siankowska",""
"967","Monika Dębicka","","'+48605840716","","","","","","","2025-09-18 17:08:21","2025-09-18 17:08:21","","","Onesta","1","Wszyscy użytkownicy","","","0","0","0","0","0","0","0","","","","Monika","Dębicka",""
"968","Monika","","'+48604103588","","","","","","","2025-09-18 17:08:21","2025-09-18 17:08:21","","","Onesta","1","Wszyscy użytkownicy","","","0","0","0","0","0","0","0","","","","Monika","",""
"969","Natalia Idźkowska","","'+48538358409","","","","","","","2025-09-18 17:08:21","2025-09-18 17:08:23","","","Onesta","1","Wszyscy użytkownicy","","","0","0","0","0","0","0","0","","","","Natalia","Idźkowska",""
"970","Monika Matowska","","'+48601370822","","","","","","","2025-09-18 17:08:21","2025-09-18 17:08:23","","","Onesta","1","Wszyscy użytkownicy","","","0","0","0","0","0","0","0","","","","Monika","Matowska",""
"971","Natalia Kowalska","","'+48501434260","","","","","","","2025-09-18 17:08:21","2025-09-18 17:08:23","","","Onesta","1","Wszyscy użytkownicy","","","0","0","0","0","0","0","0","","","","Natalia","Kowalska",""
"972","Olaf","","'+48884378161","","","","","","","2025-09-18 17:08:23","2025-09-18 17:08:23","","","Onesta","1","Wszyscy użytkownicy","","","0","0","0","0","0","0","0","","","","Olaf","",""
"973","Natalie","","'+48698613632","","","","","","","2025-09-18 17:08:23","2025-09-18 17:08:23","","","Onesta","1","Wszyscy użytkownicy","","","0","0","0","0","0","0","0","","","","Natalie","",""
"974","Pawel Kwiatkowski","","'+48502250422","","","","","","","2025-09-18 17:08:23","2025-09-18 17:08:23","","","Onesta","1","Wszyscy użytkownicy","","","0","0","0","0","0","0","0","","","","Pawel","Kwiatkowski",""
"975","Pawel Łanowy","","'+48609209209","","","","","","","2025-09-18 17:08:23","2025-09-18 17:08:23","","","Onesta","1","Wszyscy użytkownicy","","","0","0","0","0","0","0","0","","","","Pawel","Łanowy",""
"976","Paweł Jóźwiak","","'+48696031650","","","","","","","2025-09-18 17:08:23","2025-09-18 17:08:23","","","Onesta","1","Wszyscy użytkownicy","","","0","0","0","0","0","0","0","","","","Paweł","Jóźwiak",""
"977","Paweł Wardęga","","'+48668145454","","","","","","","2025-09-18 17:08:23","2025-09-18 17:08:25","","","Onesta","1","Wszyscy użytkownicy","","","0","0","0","0","0","0","0","","","","Paweł","Wardęga",""
"978","Paweł Wodecki","","'+48575991993","","","","","","","2025-09-18 17:08:23","2025-09-18 17:08:25","","","Onesta","1","Wszyscy użytkownicy","","","0","0","0","0","0","0","0","","","","Paweł","Wodecki",""
"979","Piotr Pinkowski","","'+48609754028","","","","","","","2025-09-18 17:08:25","2025-09-18 17:08:25","","","Onesta","1","Wszyscy użytkownicy","","","0","0","0","0","0","0","0","","","","Piotr","Pinkowski",""
"980","Piotr Kowalik","","'+48513662969","","","","","","","2025-09-18 17:08:25","2025-09-18 17:08:25","","","Onesta","1","Wszyscy użytkownicy","","","0","0","0","0","0","0","0","","","","Piotr","Kowalik",""
"981","Piotr Skoraczewski","","'+48601747576","","","","","","","2025-09-18 17:08:25","2025-09-18 17:08:27","","","Onesta","1","Wszyscy użytkownicy","","","0","0","0","0","0","0","0","","","","Piotr","Skoraczewski",""
"982","Przemysław Szwedko","","'+48660493730","","","","","","","2025-09-18 17:08:25","2025-09-18 17:08:25","","","Onesta","1","Wszyscy użytkownicy","","","0","0","0","0","0","0","0","","","","Przemysław","Szwedko",""
"983","Premium-Auto&Detailing Studio","","'+48510155377","","","","","","","2025-09-18 17:08:25","2025-09-18 17:08:25","","","Onesta","1","Wszyscy użytkownicy","","","0","0","0","0","0","0","0","","","","Premium-Auto&Detailing","Studio",""
"984","Piotr","","'+48519543134","","","","","","","2025-09-18 17:08:25","2025-09-18 17:08:27","","","Onesta","1","Wszyscy użytkownicy","","","0","0","0","0","0","0","0","","","","Piotr","",""
"985","Piotr Lenczyk","","'+48721650305","","","","","","","2025-09-18 17:08:25","2025-09-18 17:08:27","","","Onesta","1","Wszyscy użytkownicy","","","0","0","0","0","0","0","0","","","","Piotr","Lenczyk",""
"986","Robert Ratajczyk","","'+48507105664","","","","","","","2025-09-18 17:08:25","2025-09-18 17:08:27","","","Onesta","1","Wszyscy użytkownicy","","","0","0","0","0","0","0","0","","","","Robert","Ratajczyk",""
"987","Rakowski Kazimierz","","'+48797217448","","","","","","","2025-09-18 17:08:25","2025-09-18 17:08:27","","","Onesta","1","Wszyscy użytkownicy","","","0","0","0","0","0","0","0","","","","Rakowski","Kazimierz",""
"988","Rafał Winiarek","","'+48696092753","","","","","","","2025-09-18 17:08:25","2025-09-18 17:08:27","","","Onesta","1","Wszyscy użytkownicy","","","0","0","0","0","0","0","0","","","","Rafał","Winiarek",""
"989","Rysiu Kitolkitol","","'+48690131036","","","","","","","2025-09-18 17:08:27","2025-09-18 17:08:29","","","Onesta","1","Wszyscy użytkownicy","","","0","0","0","0","0","0","0","","","","Rysiu","Kitolkitol",""
"990","Ryszard Szewczyk","","'+48604444971","","","","","","","2025-09-18 17:08:27","2025-09-18 17:08:29","","","Onesta","1","Wszyscy użytkownicy","","","0","0","0","0","0","0","0","","","","Ryszard","Szewczyk",""
"991","Rocky Marciano","","'+48501273999","","","","","","","2025-09-18 17:08:27","2025-09-18 17:08:29","","","Onesta","1","Wszyscy użytkownicy","","","0","0","0","0","0","0","0","","","","Rocky","Marciano",""
"992","Ryszard Nowicki","","'+48601211094","","","","","","","2025-09-18 17:08:27","2025-09-18 17:08:29","","","Onesta","1","Wszyscy użytkownicy","","","0","0","0","0","0","0","0","","","","Ryszard","Nowicki",""
"993","Ryszard Ogonowski","","'+48604444463","","","","","","","2025-09-18 17:08:27","2025-09-18 17:08:29","","","Onesta","1","Wszyscy użytkownicy","","","0","0","0","0","0","0","0","","","","Ryszard","Ogonowski",""
"994","sdomanowska","","'+48660434840","","","","","","","2025-09-18 17:08:27","2025-09-18 17:08:29","","","Onesta","1","Wszyscy użytkownicy","","","0","0","0","0","0","0","0","","","","sdomanowska","",""
"995","Sebastian Nadal","","'+48605302820","","","","","","","2025-09-18 17:08:27","2025-09-18 17:08:29","","","Onesta","1","Wszyscy użytkownicy","","","0","0","0","0","0","0","0","","","","Sebastian","Nadal",""
"996","Sebastian Wierzbicki","","'+48883722777","","","","","","","2025-09-18 17:08:27","2025-09-18 17:08:29","","","Onesta","1","Wszyscy użytkownicy","","","0","0","0","0","0","0","0","","","","Sebastian","Wierzbicki",""
"997","Slawek","","'+48601572823","","","","","","","2025-09-18 17:08:27","2025-11-29 13:10:46","","","Onesta","0","Wszyscy użytkownicy","","","0","1","1","0","0","0","0","","","","Slawek","",""
"998","Stanislaw Kalkus","","'+48607238943","","","","","","","2025-09-18 17:08:27","2025-09-18 17:08:29","","","Onesta","1","Wszyscy użytkownicy","","","0","0","0","0","0","0","0","","","","Stanislaw","Kalkus",""
"999","Tadeusz Tęcza","","'+48601552373","","","","","","","2025-09-18 17:08:29","2025-09-18 17:08:31","","","Onesta","1","Wszyscy użytkownicy","","","0","0","0","0","0","0","0","","","","Tadeusz","Tęcza",""
"1000","Tomasz Golański","","'+48531904186","","","","","","","2025-09-18 17:08:29","2025-09-18 17:08:31","","","Onesta","1","Wszyscy użytkownicy","","","0","0","0","0","0","0","0","","","","Tomasz","Golański",""
"1001","Tomasz Strużyński","","'+48608345906","","","","","","","2025-09-18 17:08:29","2025-09-18 17:08:31","","","Onesta","1","Wszyscy użytkownicy","","","0","0","0","0","0","0","0","","","","Tomasz","Strużyński",""
"1002","Tomek","","'+48600481421","","","","","","","2025-09-18 17:08:29","2025-09-18 17:08:31","","","Onesta","1","Wszyscy użytkownicy","","","0","0","0","0","0","0","0","","","","Tomek","",""
"1003","Tomasz Durlej","","'+48501334469","","","","","","","2025-09-18 17:08:29","2025-09-19 16:59:58","","","Onesta","1","Wszyscy użytkownicy","2026-02-02","2025-09-19","0","0","0","2","1","1","0","","","","Tomasz","Durlej",""
"1004","Wieslaw Pirkel","","'+48600595335","","","","","","","2025-09-18 17:08:29","2025-09-19 16:41:04","","","Onesta","1","Wszyscy użytkownicy","2025-09-22","2025-09-19","0","0","0","2","1","1","0","","","","Wieslaw","Pirkel",""
"1005","Zibi Krzystek","","'+48604141550","","","","","","","2025-09-18 17:08:31","2025-09-19 16:25:32","","","Onesta","0","Wszyscy użytkownicy","","2025-09-19","0","1","1","1","1","0","0","","","","Zibi","Krzystek",""
"1006","Zbigniew Doniec","","'+48608613950","","","","","","","2025-09-18 17:08:31","2025-09-19 16:23:16","","","Onesta","1","Wszyscy użytkownicy","2025-09-22","2025-09-19","0","0","0","2","1","1","0","","","","Zbigniew","Doniec",""
"1007","Zbigniew Kloc","","'+48601452644","","","","","","","2025-09-18 17:08:31","2025-09-19 16:40:10","","","Onesta","1","Wszyscy użytkownicy","2025-09-22","2025-09-19","0","0","0","2","1","1","0","","","","Zbigniew","Kloc",""
"1008","Zbigniew Hołyst","","'+48737899701","","","","","","","2025-09-18 17:08:31","2025-09-19 16:38:27","","","Onesta","1","Wszyscy użytkownicy","2025-09-22","2025-09-19","0","0","0","2","1","1","0","","","","Zbigniew","Hołyst",""
"1009","Marzena Suchenek","","'+48504507055","","","","suchenek@onet.pl","","","2025-09-18 18:00:13","2026-06-16 16:18:13","","","Onesta","0","Wszyscy użytkownicy","2025-10-21","2025-10-08","1","0","1","10","8","2","0","","","","Marzena","Suchenek",""
"1010","Katarzyna Falęcka-Schröer","","'+48515537710","","","","doktortrawnik.gp@gmail.com","","","2025-09-18 18:04:40","2026-06-13 11:06:58","","","Onesta","0","Wszyscy użytkownicy","2026-04-16","2026-03-26","0","1","1","5","4","1","0","","","","Katarzyna","Falęcka-Schröer",""
"1011","Ewa Tryfon","","'+48502145159","","","","ewa.tryfon@gmail.com","","","2025-09-18 18:16:19","2026-06-16 14:53:12","","","Onesta","1","Wszyscy użytkownicy","2026-06-16","2026-06-16","0","0","0","7","6","1","0","","","","Ewa","Tryfon",""
"1012","Rafał Lichtenstein","","'+48502710982","","","","barbaralichtebstein@gmail.com","","","2025-09-18 18:19:36","2025-10-21 08:47:20","","","Onesta","0","Wszyscy użytkownicy","2025-09-20","2025-10-15","0","1","1","9","8","1","0","","","","Rafał","Lichtenstein",""
"1013","Marcin Bigos","","'+48602782079","","","","Marcinbigos@saltyair.info","","","2025-09-18 18:21:54","2025-10-16 15:55:27","","","Onesta","0","Wszyscy użytkownicy","2025-10-01","2025-09-20","0","1","1","3","2","1","0","","","","Marcin","Bigos",""
"1014","Marek CS","","'+48601206694","","","","markos60@onet.eu","","","2025-09-18 18:24:17","2025-11-18 17:38:13","","","Onesta","1","Wszyscy użytkownicy","2025-10-23","2025-10-13","0","0","0","7","5","2","0","","","","Marek","CS",""
"1015","Pawel Bartoszewicz","","'+48504223344","","","","Pbart07@gmail.com","","","2025-09-18 18:25:52","2025-09-19 17:42:47","","","Onesta","0","Wszyscy użytkownicy","","","0","0","0","0","0","0","0","","","","Pawel","Bartoszewicz",""
"1016","Joanna Majdan","","'+48606202388","","","","f.u.vigo@o2.pl","","","2025-09-18 18:27:23","2026-06-13 08:46:43","","","Onesta","0","Wszyscy użytkownicy","","2026-04-21","0","1","1","6","6","0","0","","","","Joanna","Majdan",""
"1017","Zofia Petitjean","","'+48507067860","","","","zofiapetitjean@gmail.com","","","2025-09-18 18:28:42","2026-06-13 08:44:19","","","Onesta","0","Wszyscy użytkownicy","","2026-05-29","0","1","1","8","8","0","0","","","","Zofia","Petitjean",""
"1018","Kasia Czajkowska","","'+48797559125","","","","kasiacz.czajkowska@wp.pl","","","2025-09-18 18:29:47","2026-06-13 08:34:33","","","Onesta","0","Wszyscy użytkownicy","","2026-04-21","0","1","1","11","11","0","0","","","","Kasia","Czajkowska",""
"1019","Przemek Wójciak","","'+48795000092","","","","przebud2012@gmail.com","","","2025-09-18 18:30:50","2026-06-13 11:35:07","","","Onesta","0","Wszyscy użytkownicy","2025-09-22","2026-04-15","0","1","1","14","13","1","0","","","","Przemek","Wójciak",""
"1020","Magda Kuropatwa","","'+48506170718","","","","magda790804@tlen.pl","","","2025-09-18 18:31:35","2026-06-13 17:20:45","","","Onesta","0","Wszyscy użytkownicy","","2025-11-19","0","1","1","8","8","0","0","","","","Magda","Kuropatwa",""
"1021","Agnieszka Pik","","'+48605947089","","","","agn123agn123@gmail.com","","","2025-09-18 18:32:34","2025-11-18 18:04:24","","","Onesta","0","Wszyscy użytkownicy","2025-11-05","2025-10-24","0","1","1","9","8","1","0","","","","Agnieszka","Pik",""
"1022","Anna  Suchowacka","","'+48698004884","","","","suchowacka.anna@gmail.com","","","2025-09-18 18:41:13","2025-10-21 13:49:17","","","Onesta","1","Wszyscy użytkownicy","","2025-10-09","0","0","0","4","4","0","0","","","","Anna","Suchowacka",""
"1023","Marcin Gołębiowski","","'+48662249689","","","","ewagol84@gmail.com","","","2025-09-18 18:42:24","2026-06-13 08:32:41","","","Onesta","0","Wszyscy użytkownicy","","2026-05-29","0","1","1","7","7","0","0","","","","Marcin","Gołębiowski",""
"1024","Wiesław Zagórowski","","'+48602300086","","","","","","","2025-09-18 18:44:58","2025-09-22 14:09:32","","","Onesta","1","Wszyscy użytkownicy","","2025-09-19","0","0","0","1","1","0","0","","","","Wiesław","Zagórowski",""
"1025","Dariusz Pulanik","","'+48796778767","","","","","","","2025-09-18 18:46:33","2025-09-30 14:22:31","","","Onesta","1","Wszyscy użytkownicy","","2025-09-25","0","0","0","1","1","0","0","","","","Dariusz","Pulanik",""
"1026","Ewa Klaus","","'+48695673589","","","","","","","2025-09-18 18:48:52","2026-06-13 18:00:01","","","Onesta","0","Wszyscy użytkownicy","2026-04-03","2025-12-02","0","1","1","8","7","1","0","","","","Ewa","Klaus",""
"1027","Krzysztof Lysakowsky","","'+48602425580","","","","krzysztof1959@onet.pl","","","2025-09-18 18:50:14","2025-09-25 13:15:09","","","Onesta","1","Wszyscy użytkownicy","","2025-09-24","0","0","0","2","2","0","0","","","","Krzysztof","Lysakowsky",""
"1028","Anna","","'+48500056605","","","","","","","2025-09-18 18:51:37","2026-04-21 17:09:55","","","Onesta","1","Wszyscy użytkownicy","2025-09-22","2026-04-21","0","0","0","9","8","1","0","","","","Anna","",""
"1029","Joanna Wrońska","","'+491709937049","","","","","","","2025-09-19 06:58:38","2025-09-30 16:38:51","","","Onesta","1","Wszyscy użytkownicy","","2025-09-29","0","0","0","3","3","0","0","","","","Joanna","Wrońska",""
"1030","Iwona Ostaszewska","","'+48500037618","","","","i.ostaszewska@interia.pl","","","2025-09-19 15:53:44","2025-10-20 10:27:21","","","Onesta","1","Wszyscy użytkownicy","2025-10-22","2025-10-13","0","0","0","10","9","1","0","","","","Iwona","Ostaszewska",""
"1031","Paweł Bartoszewicz","","'+48504223344","","","","Pbart07@gmail.com","","","2025-09-19 16:12:29","2026-06-13 18:18:08","","","Onesta","0","Wszyscy użytkownicy","2026-04-27","2026-04-23","0","1","1","21","20","1","0","","","","Paweł","Bartoszewicz",""
"1032","Mariola Raudo","","'+48604620606","","","","mariola.raudo@gmail.com","","","2025-09-19 16:51:25","2026-06-13 17:25:25","","","Onesta","0","Wszyscy użytkownicy","","2025-11-19","0","1","1","8","8","0","0","","","","Mariola","Raudo",""
"1033","Donata Ryś","","'+48602121317","","","","onatarys@interia.pl","","","2025-09-19 17:31:40","2025-10-22 12:44:12","","","Onesta","1","Wszyscy użytkownicy","2025-10-24","2025-10-10","0","0","0","8","7","1","0","","","","Donata","Ryś",""
"1034","Katarzyna Minkiewicz","","602 360 405","","","","zehnder@wp.pl","","","2025-09-19 17:34:49","2025-11-29 12:59:04","","","Onesta","0","Wszyscy użytkownicy","2025-09-20","2025-10-29","0","1","1","8","7","1","0","","","","Katarzyna","Minkiewicz",""
"1035","Hanna Sarnowska","","601327334","","","","sarnowska5@gmail.com","","","2025-09-19 17:38:35","2026-04-21 11:17:20","","","Onesta","0","Wszyscy użytkownicy","2025-09-20","2025-10-01","0","0","0","7","6","1","0","","","","Hanna","Sarnowska",""
"1036","Beata Pyszko","","'+48505211361","","","","Beatapolbox@interia.com","","","2025-09-19 17:44:16","2026-06-13 08:28:00","","","Onesta","0","Wszyscy użytkownicy","2025-09-19","2026-05-29","0","1","1","10","9","1","0","","","","Beata","Pyszko",""
"1037","Wojciech Nowak","","'+48 697 786 755","","","","wojteknowak55@op.pl","","","2025-09-20 14:05:46","2025-09-20 14:06:44","","","Onesta","1","Wszyscy użytkownicy","","","0","0","0","0","0","0","0","","","","Wojciech","Nowak",""
"1038","Mariusz Hamikal","","'+48 607 278 835","","","","hamilkamariusz@gmail.com","","","2025-09-22 05:48:30","2026-04-21 11:10:23","","","Onesta","0","Wszyscy użytkownicy","2026-04-22","2026-04-21","0","1","1","8","7","1","0","","","","Mariusz","Hamikal",""
"1039","Kopija Bogusław","","'+48 693 889 090","","","","ania7.7@tlen.pl","","","2025-09-22 13:24:52","2025-10-15 10:27:14","Kopija Bogusław","16","Onesta","0","Wszyscy użytkownicy","2025-10-15","2025-10-14","0","1","1","13","12","1","0","","","","Kopija","Bogusław",""
"1040","Igor Szcześniak","","48 513 374 132","","","","igor.szczesniak67@gmail.com","","","2025-09-22 15:14:06","2026-02-02 18:12:21","","","Onesta","0","Wszyscy użytkownicy","","2026-02-02","0","1","1","14","14","0","0","","","","Igor","Szcześniak",""
"1041","Konrad Benes","","48509293131","","","","Konrad.benes@gmail.com","","","2025-09-22 15:31:45","2026-06-16 16:17:23","","","Onesta","1","Wszyscy użytkownicy","2026-06-16","2025-11-19","0","0","0","9","8","1","0","","","","Konrad","Benes",""
"1042","Damian Filipczyk","","48516172548","","","","damian8787@interia.pl","","","2025-09-22 15:34:33","2026-05-29 10:20:42","","","Onesta","0","Wszyscy użytkownicy","","2026-04-21","0","1","1","8","8","0","0","","","","Damian","Filipczyk",""
"1043","Tomasz Drozdowski","","'+48 502 744 993","","","","tomekdrozd@icloud.com, tdrozdowski@ambreklama.com.pl","","","2025-09-22 17:13:58","2026-06-16 09:54:04","","","Onesta","1","Wszyscy użytkownicy","2026-09-10","2026-06-16","0","0","0","34","33","1","0","","","","Tomasz","Drozdowski",""
"1044","Ewa Żołnierczyk","","'+48503415896","","","","ewazolnierczyk09@gmail.com","","","2025-09-22 17:17:10","2026-04-21 11:22:04","","","Onesta","1","Wszyscy użytkownicy","","2026-04-22","0","0","0","3","3","0","0","","","","Ewa","Żołnierczyk",""
"1045","Danuta Robaczewska","","'+48502577485","","","","danuta.robaczewska@gmail.com","","","2025-09-22 17:20:44","2025-11-14 16:03:28","","","Onesta","0","Wszyscy użytkownicy","2025-09-25","2025-10-01","0","1","1","5","3","2","0","","","","Danuta","Robaczewska",""
"1046","Marta Telega","","48503083006","","","","marta.restauracjaadm@gmail.com","","","2025-09-25 11:15:58","2025-10-02 13:07:14","","","Onesta","1","Wszyscy użytkownicy","2025-09-25","2025-10-01","0","0","0","5","4","1","0","","","","Marta","Telega",""
"1047","Jolanta Pauk","","48510034086","","","","jolapauk@gmail.com","","","2025-09-26 14:58:49","2025-10-16 16:07:53","","","Onesta","0","Wszyscy użytkownicy","","2025-10-12","0","1","1","3","3","0","0","","","","Jolanta","Pauk",""
"1048","Pasternak-Winiarska Anna","","'+48880953716","","","","a.pasternak.winiarska@gmail.com","","","2025-09-26 16:57:04","2025-11-14 16:01:34","","","Onesta","0","Wszyscy użytkownicy","2025-11-04","2025-10-31","1","0","1","5","4","1","0","","","","Pasternak-Winiarska","Anna",""
"1049","Iwona Kamińska","","668 425 025","","","","ika91@poczta.fm","","","2025-09-29 17:14:44","2025-10-28 12:22:09","","","Onesta","0","Wszyscy użytkownicy","","2025-10-28","0","1","1","6","6","0","0","","","","Iwona","Kamińska",""
"1050","Joanna Mieńko","","603 633 908","","","","j.mienko@op.pl","","","2025-09-29 17:18:17","2026-02-26 16:58:28","Joanna Mieńko","17","Onesta","0","Wszyscy użytkownicy","","2026-02-26","0","1","1","14","14","0","0","","","","Joanna","Mieńko",""
"1051","Tomasz Romanowski","","48 796 098 121","","","","xxx27@autograf.pl","","","2025-09-29 17:39:11","2026-02-02 18:07:32","Tomasz Romanowski","18","Onesta","0","Wszyscy użytkownicy","","2026-02-04","0","1","1","18","18","0","0","","","","Tomasz","Romanowski",""
"1052","Agnieszka Przychodzień","","'+48691111162","","","","agnieszka.przychodzien@wp.pl","","","2025-10-01 15:46:13","2026-04-21 10:13:44","","","Onesta","1","Wszyscy użytkownicy","2025-10-03","2026-01-22","0","0","0","9","7","2","0","","","","Agnieszka","Przychodzień",""
"1053","Piotr Piotrowski","","'+48 603 913 074","","","","Iipiotrpio@gmail.com","","","2025-10-01 16:46:03","2026-05-14 10:48:37","","","Onesta","1","Wszyscy użytkownicy","2026-07-15","2026-05-14","0","0","0","13","12","1","0","","","","Piotr","Piotrowski",""
"1054","Joanna Mieńko","","'+48603633908","","","","j.mienko@op.pl","","","2025-10-01 16:47:08","2025-10-01 17:14:24","","","Onesta","0","Wszyscy użytkownicy","","","0","0","0","0","0","0","0","","","","Joanna","Mieńko",""
"1055","Tomasz Strzałka","","'+48 510 440 414","","","","tomasz.strzalka79@gmail.com","","","2025-10-01 16:48:48","2026-06-22 10:04:24","","","Onesta","0","Wszyscy użytkownicy","","2026-05-20","0","1","1","12","12","0","0","","","","Tomasz","Strzałka",""
"1056","Ro Bar","","'+48 886 975 433","","","","zan.40@onet.pl","","","2025-10-01 16:51:49","2025-10-29 18:33:17","","","Onesta","0","Wszyscy użytkownicy","","2025-10-28","0","1","1","6","6","0","0","","","","Ro","Bar",""
"1059","Izabela Szczygieł-Kolator","","'+48502500053","","","","iza.sk1@wp.pl","","","2025-10-01 17:09:17","2025-10-02 10:11:03","","","Onesta","0","Wszyscy użytkownicy","2025-10-02","2025-10-01","0","0","0","2","1","1","0","","","","Izabela","Szczygieł-Kolator",""
"1060","Ana Stawowy","","'+48608672672","","","","ana.stawowy@gmail.com","","","2025-10-01 17:13:19","2026-04-21 17:06:47","","","Onesta","1","Wszyscy użytkownicy","2026-04-22","2026-04-21","0","0","0","5","4","1","0","","","","Ana","Stawowy",""
"1061","Marek Siewkowski","","48511375773","","","","siemasiewek@gmail.com","","","2025-10-01 17:34:18","2026-06-12 19:55:07","","","Onesta","0","Wszyscy użytkownicy","","2026-06-26","0","1","1","9","9","0","0","","","","Marek","Siewkowski",""
"1062","Marcin Kowalski","","48506100273","","","","Kowalski.stomatolog@wp.pl","","","2025-10-01 17:35:44","2026-06-13 17:57:27","","","Onesta","0","Wszyscy użytkownicy","2026-04-03","2026-03-26","0","1","1","12","11","1","0","","","","Marcin","Kowalski",""
"1063","Ariel Burek","","48665558078","","","","arielburek@gmail.com","","","2025-10-01 17:36:50","2025-11-19 09:26:23","","","Onesta","1","Wszyscy użytkownicy","","2025-11-19","0","0","0","3","3","0","0","","","","Ariel","Burek",""
"1064","Wojciech Tomalik","","48790442294","","","","wojtek@tomalik.pl","","","2025-10-01 17:37:42","2026-03-26 14:33:15","","","Onesta","0","Wszyscy użytkownicy","2026-03-27","2026-03-26","0","1","1","6","5","1","0","","","","Wojciech","Tomalik",""
"1065","Henryk","","48 532 833 294","","","","12345waldemar.w1960@gmail.com","","","2025-10-01 17:38:15","2025-10-29 18:43:47","","","Onesta","0","Wszyscy użytkownicy","2025-10-29","2025-10-25","0","1","1","8","7","1","0","","","","Henryk","",""
"1066","Izabela Szczygieł-Kolator","","'+48 502 500 053","","","","iza.sk1@wp.pl","","","2025-10-02 09:58:40","2026-04-20 18:12:02","","","Onesta","1","Wszyscy użytkownicy","2026-04-21","2026-04-20","0","0","0","17","15","2","0","","","","Izabela","Szczygieł-Kolator",""
"1067","Jarosław Stajer","","605310310","","","","stajer@onet.eu","","","2025-10-02 15:40:38","2025-11-19 09:52:14","","","Onesta","1","Wszyscy użytkownicy","","2025-11-19","0","0","0","3","3","0","0","","","","Jarosław","Stajer",""
"1068","Przemek Żebrowski","","'+48 606 291 516","","","","przemek.zebrowski@gmail.com","","","2025-10-06 16:57:38","2026-06-22 09:57:55","","","Onesta","0","Wszyscy użytkownicy","","2026-02-02","0","1","1","10","10","0","0","","","","Przemek","Żebrowski",""
"1069","Martyna Mataczyno","","'+48 660 744 559","","","","martyna.mataczyno@onet.eu","","","2025-10-06 17:24:57","2026-06-22 09:57:35","","","Onesta","0","Wszyscy użytkownicy","","2026-05-29","0","1","1","6","6","0","0","","","","Martyna","Mataczyno",""
"1070","Alina Czaplicka","","'+48506373330","","","","zlotepole@zlotepole.pl","","","2025-10-06 17:29:47","2025-10-31 15:52:55","","","Onesta","0","Wszyscy użytkownicy","","2025-10-09","0","1","1","1","1","0","0","","","","Alina","Czaplicka",""
"1071","Marcin Skonieczny","","'+48 512 033 032","","","","batmardystrybucja@gmail.com","","","2025-10-06 17:32:16","2025-10-29 18:38:36","","","Onesta","0","Wszyscy użytkownicy","","2025-10-14","0","1","1","2","2","0","0","","","","Marcin","Skonieczny",""
"1072","Justyna Dąbrowska","","'+48 795 600 805","","","","tomek@budny.waw.pl","","","2025-10-06 18:01:17","2025-11-18 17:42:06","","","Onesta","0","Wszyscy użytkownicy","2025-10-28","","0","1","1","1","0","1","0","","","","Justyna","Dąbrowska",""
"1073","Ewa Mielewska","","'+48660402222‬","","","","jerzym99@gmail.com","","","2025-10-07 16:52:21","2025-11-29 13:03:39","","","Onesta","0","Wszyscy użytkownicy","2025-10-30","2025-10-28","0","1","1","4","3","1","0","","","","Ewa","Mielewska",""
"1074","Olga Vasilevska",""," ‪+48881499872‬","","","","petrolya@gmail.com","","","2025-10-07 16:52:52","2025-10-07 16:53:02","","","Onesta","0","Wszyscy użytkownicy","","","0","0","0","0","0","0","0","","","","Olga","Vasilevska",""
"1075","Olga Vasilevska",""," ‪+48881499872‬","","","","petrolya@gmail.com","","","2025-10-07 16:52:53","2025-11-29 13:04:32","","","Onesta","0","Wszyscy użytkownicy","2025-10-30","2025-10-22","0","0","0","5","4","1","0","","","","Olga","Vasilevska",""
"1076","Michał Ambroziak","","48605329870","","","","madaba@op.pl","","","2025-10-09 11:18:39","2026-06-13 09:01:28","","","Onesta","0","Wszyscy użytkownicy","2026-04-10","2025-11-26","0","1","1","8","7","1","0","","","","Michał","Ambroziak",""
"1077","Patryk Borzecki","","'+48502048511","","","","pborzecki@wp.pl","","","2025-10-09 11:48:47","2026-05-29 10:05:37","","","Onesta","0","Wszyscy użytkownicy","","2026-05-29","0","1","1","15","15","0","0","","","","Patryk","Borzecki",""
"1078","Kinga Wienczonek","","'+48793702511","","","","kingawienczonek@gmail.com","","","2025-10-09 11:50:28","2026-03-26 10:23:24","","","Onesta","0","Wszyscy użytkownicy","2026-03-26","2026-01-07","0","1","1","7","6","1","0","","","","Kinga","Wienczonek",""
"1079","Andrzej Małek","","'+48604279929","","","","biuro@andreas.com.pl","","","2025-10-09 11:51:43","2026-05-29 19:39:45","","","Onesta","0","Wszyscy użytkownicy","","2025-10-23","1","0","1","1","1","0","0","","","","Andrzej","Małek",""
"1080","Sławomir Karadymus","","'+48 601 526 005","","","","","","","2025-10-09 14:32:40","2026-01-07 14:42:56","","","Onesta","0","Wszyscy użytkownicy","","2025-11-03","0","1","1","2","2","0","0","","","","Sławomir","Karadymus",""
"1081","Asia Mały","","571 353 036","","","","chilijka7@wp.pl","","","2025-10-09 16:49:50","2026-06-22 09:49:57","Asia Mały","19","Onesta","0","Wszyscy użytkownicy","","2025-11-19","0","1","1","9","9","0","0","","","","Asia","Mały",""
"1082","Andrzej Małek","","48604279929","","","","biuro@andreas.com.pl","","","2025-10-10 12:11:46","2025-10-15 12:49:00","","","Onesta","0","Wszyscy użytkownicy","2025-10-10","","0","1","1","1","0","1","0","","","","Andrzej","Małek",""
"1083","Agnieszka Ruszkowska","","'+48660616304","","","","aga.ruszkowska.ar@gmail.com","","","2025-10-13 10:15:27","2025-10-23 17:16:48","","","Onesta","0","Wszyscy użytkownicy","2025-10-21","2025-10-21","0","1","1","2","1","1","0","","","","Agnieszka","Ruszkowska",""
"1084","Adam Delura","","'+48507689717","","","","adamdelura@wp.pl","","","2025-10-13 12:45:41","2026-06-13 11:10:27","","","Onesta","0","Wszyscy użytkownicy","2025-10-16","2026-03-27","0","1","1","7","5","2","0","","","","Adam","Delura",""
"1085","Józef","","'+48510900844","","","","geoppolska@op.pl","","","2025-10-13 13:04:24","2026-05-29 19:39:29","","","Onesta","0","Wszyscy użytkownicy","","2025-10-16","1","0","1","1","1","0","0","","","","Józef","",""
"1086","Marcin","","'+48 785 931 293","","","","bolekoza07@gmail.com","","","2025-10-14 16:08:14","2025-10-29 18:41:03","","","Onesta","0","Wszyscy użytkownicy","","2025-10-29","0","1","1","5","5","0","0","","","","Marcin","",""
"1087","Tomasz Taranta","","'+48 693 100 112","","","","tomasztaranta@poczta.onet.pl","","","2025-10-14 16:11:26","2026-02-04 12:57:30","","","Onesta","1","Wszyscy użytkownicy","2026-09-02","2026-02-04","0","0","0","16","15","1","0","","","","Tomasz","Taranta",""
"1088","Michał Gasik","","'+48692516520","","","","biuro@bhppoz.info","","","2025-10-15 07:47:47","2026-06-12 19:48:26","","","Onesta","0","Wszyscy użytkownicy","","2026-04-15","0","1","1","15","15","0","0","","","","Michał","Gasik",""
"1089","Witold Lebuda","","'+48513023597","","","","lew-17@wp.pl","","","2025-10-15 07:48:23","2026-06-13 11:25:30","","","Onesta","0","Wszyscy użytkownicy","2026-05-29","2025-12-01","0","1","1","9","8","1","0","","","","Witold","Lebuda",""
"1090","Jan Bieniuszewicz","","'+48 693 369 767","","","","j.bieniuszewicz@wp.pl","","","2025-10-15 15:45:11","2026-06-22 10:04:49","","","Onesta","0","Wszyscy użytkownicy","","2026-05-14","0","1","1","5","5","0","0","","","","Jan","Bieniuszewicz",""
"1091","Jacek Tondera","","'+48 508 483 383","","","","jacektondera@go2.pl","","","2025-10-15 15:54:09","2026-02-12 16:23:29","","","Onesta","1","Wszyscy użytkownicy","2026-02-16","2026-02-12","0","0","0","9","8","1","0","","","","Jacek","Tondera",""
"1092","Krzysztof Kreft","","'+48792444111","","","","biuro@balticig.pl","","","2025-10-15 16:13:46","2025-10-31 15:46:28","","","Onesta","0","Wszyscy użytkownicy","2025-10-28","2025-10-27","0","1","1","3","2","1","0","","","","Krzysztof","Kreft",""
"1093","Grzegorz Szulc","","48605364577","","","","grzegorz046@wp.pl","","","2025-10-15 17:27:32","2026-06-13 18:11:18","","","Onesta","0","Wszyscy użytkownicy","","2026-04-30","0","1","1","10","10","0","0","","","","Grzegorz","Szulc",""
"1094","Jacek Szkudlarek","","'+48608202564","","","","emi.jacekszkudlarek@gmail.com","","","2025-10-22 16:58:01","2026-03-26 12:04:43","","","Onesta","0","Wszyscy użytkownicy","2025-10-24","2025-11-17","0","1","1","7","5","2","0","","","","Jacek","Szkudlarek",""
"1095","Bruner","","'+48608154078","","","","marek7685@vp.pl","","","2025-10-22 16:58:38","2025-11-29 13:17:24","","","Onesta","0","Wszyscy użytkownicy","","2025-11-18","0","1","1","11","11","0","0","","","","Bruner","",""
"1096","Dorota Wardyńska",""," +48667822287","","","","dorotawardynska0@gmail.com","","","2025-10-22 17:01:23","2026-04-21 17:08:52","","","Onesta","0","Wszyscy użytkownicy","2026-03-20","2025-11-17","0","1","1","5","4","1","0","","","","Dorota","Wardyńska",""
"1097","Rufin Dubiel","","'+48510548132","","","","rufinus50@gmail.com9","","","2025-10-22 17:03:18","2026-06-12 19:40:32","","","Onesta","0","Wszyscy użytkownicy","","2026-04-22","0","1","1","8","8","0","0","","","","Rufin","Dubiel",""
"1098","Patrizia Grabowska","","'+48 606 983 983","","","","pati.kiel@me.com","","","2025-10-23 11:36:41","2026-03-10 11:54:23","","","Onesta","0","Wszyscy użytkownicy","","2026-03-10","0","1","1","8","8","0","0","","","","Patrizia","Grabowska",""
"1099","Jerzy Dziurowski","","'+48605311889","","","","jerzy.dziurowski@gmail.com","","","2025-10-23 11:37:34","2026-04-21 10:42:37","","","Onesta","0","Wszyscy użytkownicy","2026-04-02","2026-04-01","0","1","1","8","7","1","0","","","","Jerzy","Dziurowski",""
"1100","Artur Kość","","'+48516519878","","","","artur.kosc@gmail.com","","","2025-10-23 11:38:41","2025-10-31 15:47:34","","","Onesta","0","Wszyscy użytkownicy","2025-10-28","2025-10-27","0","1","1","3","2","1","0","","","","Artur","Kość",""
"1101","Elwira Machowska","","'+48505171420","","","","elwira.machowska@gmail.com","","","2025-10-23 11:44:42","2026-04-21 10:17:14","","","Onesta","0","Wszyscy użytkownicy","2025-11-15","2025-11-14","0","1","1","5","4","1","0","","","","Elwira","Machowska",""
"1102","Daniel WS","","'+48 691 510 119","","","","tomasz.for@gmail.com","","","2025-10-27 15:41:57","2026-05-21 14:43:23","","","Onesta","1","Wszyscy użytkownicy","2026-06-17","2026-05-21","0","0","0","21","20","1","0","","","","Daniel","WS",""
"1103","Krzysztof Bącik","","'+48 603 782 121","","","","krzychobacik@gmail.com","","","2025-10-27 15:47:13","2025-10-29 17:57:13","","","Onesta","0","Wszyscy użytkownicy","","2025-10-29","0","1","1","2","2","0","0","","","","Krzysztof","Bącik",""
"1104","Danuta Czyżewska","","'+48 507 829 200","","","","suwalska117@gmail.com","","","2025-10-27 16:38:20","2025-11-18 12:14:23","","","Onesta","0","Wszyscy użytkownicy","","2025-11-18","0","1","1","6","6","0","0","","","","Danuta","Czyżewska",""
"1105","Kamil Krystosik","","'+48517515654","","","","kkrystos@gmail.com","","","2025-10-28 14:37:09","2026-04-21 17:02:03","","","Onesta","0","Wszyscy użytkownicy","2026-01-18","2025-11-14","0","1","1","7","6","1","0","","","","Kamil","Krystosik",""
"1106","Angelika Ciastek","","'+48606691902","","","","angelika.ciastek@gmail.com","","","2025-10-28 14:38:03","2026-03-26 12:07:05","","","Onesta","0","Wszyscy użytkownicy","2025-12-09","2025-11-21","1","0","1","3","2","1","0","","","","Angelika","Ciastek",""
"1107","Radek Szewczak","","'+48697080000","","","","radoslaw.szewczak@eci-service.pl","","","2025-10-28 14:38:56","2025-10-28 15:04:19","","","Onesta","0","Wszyscy użytkownicy","2025-10-28","","0","0","0","1","0","1","0","","","","Radek","Szewczak",""
"1108","Piotr Choromański","","606488013","","","","biuro@experautobroker.com.pl","","","2025-10-29 17:55:09","2025-11-29 12:51:10","","","Onesta","1","Wszyscy użytkownicy","","2025-11-29","0","0","0","2","2","0","0","","","","Piotr","Choromański",""
"1109","Robert Cegiełka","","'+48 535 050 833","","","","robert.cegielka@interia.eu","","","2025-10-31 16:14:21","2025-12-17 12:20:38","","","Onesta","0","Wszyscy użytkownicy","","2025-12-04","0","1","1","9","9","0","0","","","","Robert","Cegiełka",""
"1110","Konrad","","'+48 602 357 094","","","","konradk@post.pl","","","2025-11-03 18:25:28","2026-06-02 11:05:54","Konrad","20","Onesta","1","Wszyscy użytkownicy","2026-06-17","2026-05-19","0","0","0","20","19","1","0","","","","Konrad","",""
"1111","Grażyna Kubiak","","'+48578750077","","","","drewno77@onet.pl","","","2025-11-03 18:25:53","2026-06-16 14:38:54","","","Onesta","1","Wszyscy użytkownicy","2026-06-16","2025-11-19","0","0","0","5","4","1","0","","","","Grażyna Kubiak","",""
"1112","Michal Wyskok","","'+48695850275","","","","mwyskok80@gmail.com","","","2025-11-04 10:52:56","2026-06-16 14:33:37","","","Onesta","1","Wszyscy użytkownicy","2026-06-16","2025-11-18","0","0","0","5","4","1","0","","","","Michal","Wyskok",""
"1113","Marcin Bystry","","48501105276","","","","mbystry@gmail.com","","","2025-11-04 10:58:35","2025-11-13 17:25:03","","","Onesta","0","Wszyscy użytkownicy","2025-11-06","","0","1","1","1","0","1","0","","","","Marcin","Bystry",""
"1114","Michal Wyskok","","'+48695850275","","","","mwyskok80@gmail.com","","","2025-11-04 11:32:36","2025-11-04 11:33:42","","","Onesta","0","Wszyscy użytkownicy","","","0","0","0","0","0","0","0","","","","Michal","Wyskok",""
"1115","Natalia Szot","","'+48 502 555 849","","","","natalia.rjk@gmail.com","","","2025-11-07 16:54:24","2025-12-04 16:48:16","","","Onesta","0","Wszyscy użytkownicy","","2025-12-04","0","1","1","8","8","0","0","","","","Natalia","Szot",""
"1116","Tadeusz Gąska","","'+48509414003","","","","tadeuszgaska2305@gmail.com","","","2025-11-07 16:55:43","2026-04-21 10:33:24","","","Onesta","0","Wszyscy użytkownicy","2026-04-21","2026-04-21","0","1","1","8","7","1","0","","","","Tadeusz","Gąska",""
"1117","Wojciech Masierek","","'+48668670513","","","","masier@wp.pl","","","2025-11-12 17:20:00","2026-06-13 08:52:18","","","Onesta","0","Wszyscy użytkownicy","2026-04-10","2026-03-26","0","1","1","6","5","1","0","","","","Wojciech","Masierek",""
"1118","Radosław Wandzel","","'+48665268237","","","","wandzel.radoslaw@gmail.com","","","2025-11-13 16:46:38","2026-05-29 19:39:11","","","Onesta","0","Wszyscy użytkownicy","","","1","0","1","0","0","0","0","","","","Radosław","Wandzel",""
"1119","Grzegorz Towarek","","48515013222","","","","g.towarek@tow-gaz.pl","","","2025-11-14 15:45:05","2026-06-13 08:49:01","","","Onesta","0","Wszyscy użytkownicy","","2025-11-29","0","1","1","5","5","0","0","","","","Grzegorz","Towarek",""
"1120","Waldemar Kociszewski","","'+48601999621","","","","waldemarkociszewski@gmail.com","","","2025-11-25 16:44:35","2026-06-13 08:58:21","","","Onesta","0","Wszyscy użytkownicy","","2026-03-27","0","1","1","3","3","0","0","","","","Waldemar","Kociszewski",""
"1121","Mariusz Leśnikowski","","'+48 501 085 272","","","","","","","2025-11-26 19:01:39","2026-03-10 11:53:54","Mariusz Leśnikowski","21","Onesta","0","Wszyscy użytkownicy","","2026-03-10","0","1","1","3","3","0","0","","","","Mariusz","Leśnikowski",""
"1122","Janusz Rabajczyk (szkolenie)","","797 240 543","","","","januszrabajczyk@wp.pl","","","2025-11-27 18:11:29","2025-12-17 09:05:11","","","Onesta","0","Wszyscy użytkownicy","","2025-12-04","0","1","1","4","4","0","0","","","","Janusz","Rabajczyk (szkolenie)",""
"1123","Michał Specjalski (szkolenie)","","'+48 790 495 837","","","","","","","2025-11-28 12:07:07","2025-12-15 12:46:02","","","Onesta","0","Wszyscy użytkownicy","","2025-12-04","0","1","1","1","1","0","0","","","","Michał","Specjalski (szkolenie)",""
"1124","Waldemar Bonkowski","","'+48602554813","","","","wolnypolak59@gmail.com","","","2025-11-29 09:43:10","2026-05-15 15:11:40","","","Onesta","1","Wszyscy użytkownicy","2026-05-18","2026-05-15","0","0","0","7","6","1","0","","","","Waldemar","Bonkowski",""
"1125","Justyna Bregierska","","'+48691 556 276","","","","j.bregierska@fashionbrand.pl","","","2025-12-02 16:39:34","2026-04-29 11:42:18","","","Onesta","1","Wszyscy użytkownicy","2026-05-01","2026-04-29","0","0","0","6","5","1","0","","","","Justyna","Bregierska",""
"1126","Adam Kozuch","","'+48601438856","","","","adamkozuch@gazeta.pl","","","2025-12-02 16:40:54","2026-04-21 10:14:12","","","Onesta","1","Wszyscy użytkownicy","2026-04-21","2025-12-09","0","0","0","3","2","1","0","","","","Adam","Kozuch",""
"1127","Michał Piecaba","","606724438","","","","","","","2025-12-12 11:58:58","2026-02-09 16:09:16","","","Onesta","1","Wszyscy użytkownicy","2026-04-23","2026-02-09","0","0","0","4","3","1","0","","","","Michał","Piecaba",""
"1128","Łukasz Janas","","605892829","","","","lukasz.janas@centergaz.pl","","","2026-01-13 16:05:08","2026-04-21 16:33:51","","","Onesta","0","Wszyscy użytkownicy","2026-04-21","2026-04-20","0","1","1","6","5","1","0","","","","Łukasz","Janas",""
"1129","Marcin Lipnicki","","'+48501286708","","","","estera-marcin@o2.pl","","","2026-03-13 11:23:06","2026-04-29 11:36:40","","","Onesta","0","Wszyscy użytkownicy","2026-04-21","2026-03-05","0","1","1","2","1","1","0","","","","Marcin","Lipnicki",""
"1130","Paweł Trzaskowski","","'+48 604 113 257","","","","p.j.trzaskowski@gmail.com","","","2026-03-18 16:14:16","2026-06-09 09:20:25","","","Onesta","1","Wszyscy użytkownicy","2026-03-19","2026-04-24","0","0","0","12","10","2","0","","","","Paweł","Trzaskowski",""
"1131","Jacek Kacpura","","'+48 733 964 333","","","","jacek@jmm-group.pl","","","2026-03-18 17:47:28","2026-04-10 09:36:44","","","Onesta","0","Wszyscy użytkownicy","","2026-04-10","0","1","1","6","6","0","0","","","","Jacek","Kacpura",""
"1132","Rowan Stekson","","'+48508252661","","","","Nordi@onet.ru","","","2026-03-18 18:03:34","2026-03-24 15:42:32","","","Onesta","0","Wszyscy użytkownicy","2026-03-19","2026-03-18","0","1","1","2","1","1","0","","","","Rowan","Stekson",""
"1133","Joanna Pałkowska","","'+48660822871","","","","apalkowska@wp.pl","","","2026-03-24 14:08:55","2026-04-29 11:40:38","","","Onesta","1","Wszyscy użytkownicy","2026-04-30","2026-04-29","0","0","0","4","3","1","0","","","","Joanna","Pałkowska",""
"1134","Halina Nowakowska","","'+48513576500","","","","rent.locum@gmail.com","","","2026-03-24 14:52:41","2026-04-21 11:33:21","","","Onesta","1","Wszyscy użytkownicy","","2026-04-01","0","0","0","3","3","0","0","","","","Halina","Nowakowska",""
"1135","Tomasz Lis","","'+48 668 433 702","","","","endo1@onet.pl","","","2026-03-27 16:12:21","2026-06-22 09:58:09","","","Onesta","0","Wszyscy użytkownicy","2027-01-21","2026-05-05","0","1","1","7","6","1","0","","","","Tomasz","Lis",""
"1136","Grzegorz Szulc","","'+48537885687","","","","grzegsz60@o2.pl","","","2026-03-30 17:38:15","2026-05-26 12:53:58","","","Onesta","1","Wszyscy użytkownicy","2026-05-26","2026-05-26","0","0","0","5","4","1","0","","","","Grzegorz","Szulc",""
"1137","Monika Grabarczyk","","'+48 781 817 832","","","","m.grabarczyk-wiak@o2.pl","","","2026-03-30 17:48:49","2026-04-10 09:35:48","","","Onesta","0","Wszyscy użytkownicy","","2026-04-03","0","1","1","5","5","0","0","","","","Monika","Grabarczyk",""
"1138","Paweł Purzycki","","'+48790223636","","","","pp.ramzes@gmail.com","","maciek@feniks-rent.pl","2026-03-31 16:52:32","2026-04-20 16:23:52","","","Onesta","1","Wszyscy użytkownicy","2026-04-21","2026-04-07","0","0","0","5","4","1","0","","","","Paweł","Purzycki",""
"1139","Maria Maria","","'+48 602 642 914","","","","m.maria618@wp.pl","","","2026-03-31 16:57:15","2026-06-22 09:54:41","","","Onesta","0","Wszyscy użytkownicy","","2026-06-02","0","1","1","10","10","0","0","","","","Maria","Maria",""
"1140","Mirosław Kamiński","","'+48606186480","","","","mirek_k30@wp.pl","","","2026-03-31 16:59:15","2026-04-29 11:46:24","","","Onesta","1","Wszyscy użytkownicy","2026-05-01","2026-04-29","0","0","0","4","3","1","0","","","","Mirosław","Kamiński",""
"1141","Jolanta Jarząbek","","'+48604470124","","","","jarzabek.jolanta@wp.pl","","","2026-03-31 17:10:57","2026-04-29 11:50:36","","","Onesta","0","Wszyscy użytkownicy","2026-04-28","2026-04-21","0","1","1","4","3","1","0","","","","Jolanta","Jarząbek",""
"1142","Kinga Drechny-mucha","","'+48519307855","","","","drechnyk@gmail.com","","","2026-04-01 16:04:12","2026-04-20 15:13:52","","","Onesta","1","Wszyscy użytkownicy","2026-04-21","2026-04-20","0","0","0","3","2","1","0","","","","Kinga","Drechny-mucha",""
"1143","Mateusz Leks","","'+48506131937","","","","mateuszleks1@gmail.com","","","2026-04-07 07:56:02","2026-04-15 06:14:00","","","Onesta","1","Wszyscy użytkownicy","2026-04-07","2026-04-08","0","0","0","3","2","1","0","","","","Mateusz","Leks",""
"1144","Tomasz Brola","","'+48793187268","","","","thomas26oli@icloud.com","","","2026-04-13 17:10:06","2026-04-29 11:54:24","","","Onesta","1","Wszyscy użytkownicy","2026-05-01","2026-04-29","0","0","0","3","2","1","0","","","","Tomasz","Brola",""
"1145","JacekWolf","","'+48 601 776 390","","","","jacekwilk@wp.pl","","","2026-04-13 17:15:15","2026-04-29 11:47:31","","","Onesta","1","Wszyscy użytkownicy","","2026-04-29","0","0","0","4","4","0","0","","","","JacekWolf","",""
"1146","Jolanta Markowska","","'+48692194685","","","","Jolanta.markowska@g.pl","","","2026-04-13 17:18:02","2026-04-29 11:49:04","","","Onesta","1","Wszyscy użytkownicy","2026-05-01","2026-04-29","0","0","0","4","3","1","0","","","","Jolanta","Markowska",""
"1147","Michał Mączyński","","'+48 500 160 180","","","","megaogrod@wp.pl","","","2026-04-13 17:19:14","2026-06-09 09:19:31","","","Onesta","1","Wszyscy użytkownicy","2026-04-13","2026-05-27","0","0","0","15","13","2","0","","","","Michał","Mączyński",""
"1148","Miś Tamara","","'+48 695 305 576","","","","mistabags@gmail.com","","","2026-04-13 17:31:41","2026-05-18 15:18:41","","","Onesta","1","Wszyscy użytkownicy","2026-05-19","2026-05-18","0","0","0","6","5","1","0","","","","Miś","Tamara",""
"1149","Witold Kopacz","","'+48 796 007 877","","","","witoldkopacz.lublin@gmail.com","","","2026-04-15 05:01:47","2026-06-22 09:42:14","","","Onesta","0","Wszyscy użytkownicy","","2026-06-22","0","1","1","13","13","0","0","","","","Witold","Kopacz",""
"1150","Błażej Maciniak","","'+48514349005","","","","blazej.nakielska@gmail.com","","","2026-04-17 16:14:54","2026-04-29 11:51:23","","","Onesta","0","Wszyscy użytkownicy","2026-04-22","2026-04-21","0","1","1","5","4","1","0","","","","Błażej","Maciniak",""
"1151","Marta Harazińska","","'+48663786357","","","","Marta@perfectto.pl","","","2026-04-17 16:21:29","2026-04-21 16:53:44","","","Onesta","1","Wszyscy użytkownicy","2027-04-01","2026-04-21","0","0","0","2","1","1","0","","","","Marta","Harazińska",""
"1152","Slawek Slawek","","'+48 690 229 149","","","","Savi112@wp.pl","","","2026-04-17 16:48:11","2026-06-02 12:22:55","","","Onesta","1","Wszyscy użytkownicy","2026-06-02","2026-05-14","0","0","0","11","10","1","0","","","","Slawek","Slawek",""
"1153","Bartosz Nowy (Dąbrowski)","","'+48602695969","","","","bdabrowski@sdo.com.pl","","","2026-04-20 17:58:19","2026-04-29 11:36:32","","","Onesta","1","Wszyscy użytkownicy","2026-04-30","2026-04-29","0","0","0","3","2","1","0","","","","Bartosz","Nowy (Dąbrowski)",""
"1154","AdamiX77","","'+48 690 243 007","","","","Mati.finanse@gmail.com","","","2026-04-20 18:01:04","2026-04-24 13:30:58","","","Onesta","0","Wszyscy użytkownicy","","2026-04-24","0","1","1","3","3","0","0","","","","AdamiX77","",""
"1155","Beate Marlene Czarnowski","","'+48 506 990 115, +49 17 6 25 85 5 513","","","","Beateczarnowski@icloud.com","","","2026-04-21 11:29:26","2026-06-09 09:20:06","","","Onesta","1","Wszyscy użytkownicy","2026-06-24","2026-05-08","0","0","0","9","8","1","0","","","","Beate Marlene","Czarnowski",""
"1156","Magdalena Noris","","'+48 512 033 399","","","","mn.noris@gmail.com","","","2026-04-29 08:39:02","2026-05-27 10:40:45","","","Onesta","1","Wszyscy użytkownicy","2026-05-27","2026-05-27","0","0","0","7","6","1","0","","","","Magdalena","Noris",""
"1157","Adam Panek","","'+48509949661","","","","adak@adak.waw.pl","","","2026-04-29 08:56:30","2026-05-15 15:06:49","","","Onesta","1","Wszyscy użytkownicy","2026-05-18","2026-05-15","0","0","0","3","2","1","0","","","","Adam","Panek",""
"1158","Nicolas Montoya","","'+48532206523","","","","pawel.halajko@gmail.com","","","2026-04-29 09:06:18","2026-04-29 11:32:29","","","Onesta","1","Wszyscy użytkownicy","2026-04-30","2026-05-01","0","0","0","3","2","1","0","","","","Nicolas","Montoya",""
"1159","Miki Monika Sz-d","","'+48722101300","","","","Monikaszoka39@gmail.com","","","2026-04-29 09:58:42","2026-05-15 15:05:25","","","Onesta","1","Wszyscy użytkownicy","2026-05-18","2026-04-29","0","0","0","2","1","1","0","","","","Miki Monika","Sz-d",""
"1160","Bogusława Bigos","","'+48519509518","","","","Bogusia.Bigos@gmail.com","","","2026-05-04 16:27:32","2026-05-15 14:59:54","","","Onesta","1","Wszyscy użytkownicy","","2026-05-05","0","0","0","2","2","0","0","","","","Bogusława","Bigos",""
"1161","Łukasz Marcinkowski","","'+48696488906","","","","meble-goldmar@wp.pl","","","2026-05-04 16:30:49","2026-06-11 12:55:16","","","Onesta","1","Wszyscy użytkownicy","2026-05-06","2026-05-05","0","0","0","3","2","1","0","","","","Łukasz","Marcinkowski",""
"1162","Gregory Manks","","'+48509640860","","","","F.szampan@gmail.com","","","2026-05-04 16:41:00","2026-05-15 15:07:51","","","Onesta","1","Wszyscy użytkownicy","2026-05-18","2026-05-15","0","0","0","3","2","1","0","","","","Gregory","Manks",""
"1163","Joanna hawerek","","'+48 502 425 157","","","","hawerek86@o2.pl","","","2026-05-05 16:17:46","2026-06-22 09:59:59","Joanna hawerek","22","Onesta","0","Wszyscy użytkownicy","","2026-05-26","0","1","1","7","7","0","0","","","","Joanna","hawerek",""
"1164","Aneta Młynarczyk","","'+48605126210","","","","aneta001@poczta.onet.pl","","","2026-05-08 05:22:41","2026-05-10 12:22:14","","","Onesta","1","Wszyscy użytkownicy","2026-05-11","2026-05-10","0","0","0","3","2","1","0","","","","Aneta","Młynarczyk",""
"1165","Jan Mikolajczuk","","'+48501415263","","","","janekmikolajczuk@gmail.com","","","2026-05-08 16:07:59","2026-05-10 12:32:36","","","Onesta","1","Wszyscy użytkownicy","2026-05-12","2026-05-09","0","0","0","2","1","1","0","","","","Jan","Mikolajczuk",""
"1166","Franki Rothschild De Lowes","","'+48503876879","","","","maurizioarmand@icloud.com","","","2026-05-08 16:11:49","2026-05-15 14:59:19","","","Onesta","0","Wszyscy użytkownicy","2026-05-15","2026-05-08","0","1","1","2","1","1","0","","","","Franki Rothschild De","Lowes",""
"1167","Małgorzata Banasik","","'+447555841892","","","","malgorzataszalkowska5@gmail.com","","","2026-05-26 12:24:24","2026-05-26 12:28:02","","","Onesta","1","Wszyscy użytkownicy","2026-05-27","","0","0","0","1","0","1","0","","","","Małgorzata","Banasik",""
"1168","Jacek Żabicki","","'+447871253298","","","","jacekzabicki@yahoo.co.uk","","","2026-05-26 12:28:38","2026-05-26 12:48:57","","","Onesta","1","Wszyscy użytkownicy","2026-05-28","2026-05-26","0","0","0","2","1","1","0","","","","Jacek","Żabicki",""
"1169","Wioleta Dziuba","","'+48510130894","","","","lajtoowoo@gmail.com","","","2026-05-28 16:14:11","2026-05-28 16:14:47","","","Onesta","1","Wszyscy użytkownicy","2026-05-29","2026-05-28","0","0","0","2","1","1","0","","","","Wioleta","Dziuba",""
"1170","Beata Stolarczyk","","'+48601243137","","","","beata.stolarczyk7@gmail.com","","","2026-06-08 16:42:03","2026-06-11 15:18:31","","","Onesta","0","Wszyscy użytkownicy","2026-06-08","","0","0","0","1","0","1","0","","","","Beata","Stolarczyk",""
"1171","Bogdan Bajak","","'+48787835111","","","","bbajak@wp.pl","","","2026-06-08 16:45:28","2026-06-08 16:49:39","","","Onesta","1","Wszyscy użytkownicy","2026-06-12","2026-06-03","0","0","0","2","1","1","0","","","","Bogdan","Bajak",""
"1172","Huy Linh Nhi","","'+48666666683","","","","hnl1881@icloud.com","","","2026-06-08 16:50:33","2026-06-11 15:22:21","","","Onesta","0","Wszyscy użytkownicy","2026-06-08","","0","0","0","1","0","1","0","","","","Huy Linh","Nhi",""
"1173","Zbigniew Somerski","","'+48503128423","","","","zsomerski@gmail.com","","","2026-06-08 16:54:07","2026-06-11 15:51:23","","","Onesta","0","Wszyscy użytkownicy","","","0","0","0","0","0","0","0","","","","Zbigniew","Somerski",""
"1174","Malgorzata Nagodzinska","","'+48572600172","","","","Malgosia7788@op.pl","","","2026-06-08 16:56:02","2026-06-11 15:30:51","","","Onesta","0","Wszyscy użytkownicy","2026-06-08","","0","0","0","1","0","1","0","","","","Malgorzata","Nagodzinska",""